,name
1,3S
2,AJ네트웍스
3,AK홀딩스
4,APS홀딩스
5,AP시스템
6,AP위성
7,BGF
8,BGF리테일
9,BGF에코머티리얼즈
10,BNK금융지주
11,BYC
12,CBI
13,CJ
14,CJ CGV
15,CJ ENM
16,CJ 바이오사이언스
17,CJ대한통운
18,CJ씨푸드
19,CJ제일제당
20,CJ프레시웨이
21,CMG제약
22,CNH
23,CNT85
24,CS
25,CSA 코스믹
26,CS홀딩스
27,DB
28,DB금융스팩10호
29,DB금융스팩8호
30,DB금융스팩9호
31,DB금융투자
32,DB손해보험
33,DB하이텍
34,DGB금융지주
35,DI동일
36,DL
37,DL건설
38,DL이앤씨
39,DMS
40,DN오토모티브
41,DRB동일
42,DSC인베스트먼트
43,DSR
44,DSR제강
45,E1
46,EDGC
47,EG
48,EMB
49,ESR켄달스퀘어리츠
50,ES큐브
51,F&F
52,F&F홀딩스
53,FSN
54,GH신소재
55,GKL
56,GRT
57,GS
58,GST
59,GS건설
60,GS글로벌
61,GS리테일
62,HB솔루션
63,HB테크놀러지
64,HDC
65,HDC랩스
66,HDC현대EP
67,HDC현대산업개발
68,HD현대
69,HJ중공업
70,HK이노엔
71,HL D&I
72,HLB
73,HLB글로벌
74,HLB사이언스
75,HLB생명과학
76,HLB제약
77,HLB테라퓨틱스
78,HL만도
79,HL홀딩스
80,HMM
81,HPSP
82,HRS
83,HSD엔진
84,IBKS제13호스팩
85,IBKS제16호스팩
86,IBKS제17호스팩
87,IBKS제18호스팩
88,IBKS제19호스팩
89,IBKS제20호스팩
90,IBKS제21호스팩
91,IHQ
92,ISC
93,ITX-AI
94,JB금융지주
95,JTC
96,JW생명과학
97,JW신약
98,JW중외제약
99,JW홀딩스
100,JYP Ent.
101,KBG
102,KBI메탈
103,KB금융
104,KB스타리츠
105,KB오토시스
106,KCC
107,KCC건설
108,KCC글라스
109,KCI
110,KCTC
111,KC그린홀딩스
112,KC산업
113,KC코트렐
114,KD
115,KEC
116,KG ETS
117,KG모빌리언스
118,KG스틸
119,KG이니시스
120,KG케미칼
121,KH 건설
122,KH 전자
123,KH 필룩스
124,KH바텍
125,KISCO홀딩스
126,KNN
127,KPX생명과학
128,KPX케미칼
129,KPX홀딩스
130,KR모터스
131,KSS해운
132,KT
133,KT&G
134,KTcs
135,KTis
136,KT서브마린
137,KX
138,KX하이텍
139,LF
140,LG
141,LG디스플레이
142,LG생활건강
143,LG에너지솔루션
144,LG유플러스
145,LG이노텍
146,LG전자
147,LG헬로비전
148,LG화학
149,LIG넥스원
150,LS
151,LS ELECTRIC
152,LS네트웍스
153,LS전선아시아
154,LX세미콘
155,LX인터내셔널
156,LX하우시스
157,LX홀딩스
158,MDS테크
159,MH에탄올
160,NAVER
161,NEW
162,NE능률
163,NHN
164,NHN벅스
165,NHN한국사이버결제
166,NH올원리츠
167,NH투자증권
168,NH프라임리츠
169,NICE
170,NICE평가정보
171,NI스틸
172,NPC
173,OCI
174,PI첨단소재
175,PN풍년
176,POSCO홀딩스
177,RFHIC
178,RF머트리얼즈
179,S&K폴리텍
180,S-Oil
181,SAMG엔터
182,SBI인베스트먼트
183,SBI핀테크솔루션즈
184,SBS
185,SBS콘텐츠허브
186,SBW생명과학
187,SCI평가정보
188,SDN
189,SFA반도체
190,SG
191,SG&G
192,SGA
193,SGA솔루션즈
194,SGC에너지
195,SGC이테크건설
196,SG글로벌
197,SG세계물산
198,SHD
199,SH에너지화학
200,SIMPAC
201,SJM
202,SJM홀딩스
203,SK
204,SKC
205,SK가스
206,SK네트웍스
207,SK디스커버리
208,SK디앤디
209,SK렌터카
210,SK리츠
211,SK바이오사이언스
212,SK바이오팜
213,SK스퀘어
214,SK시그넷
215,SK아이이테크놀로지
216,SK이노베이션
217,SK증권
218,SK케미칼
219,SK텔레콤
220,SK하이닉스
221,SM C&C
222,SM Life Design
223,SNT모티브
224,SNT에너지
225,SNT중공업
226,SNT홀딩스
227,SPC삼립
228,STX
229,STX엔진
230,STX중공업
231,SUN&L
232,SV인베스트먼트
233,TBH글로벌
234,TCC스틸
235,THE E&M
236,THE MIDONG
237,TJ미디어
238,TKG애강
239,TKG휴켐스
240,TPC
241,TS인베스트먼트
242,TS트릴리온
243,TYM
244,UCI
245,WISCOM
246,YBM넷
247,YG PLUS
248,YTN
249,YW
250,iMBC
251,가비아
252,가온미디어
253,가온전선
254,가온칩스
255,감성코퍼레이션
256,강남제비스코
257,강스템바이오텍
258,강원랜드
259,강원에너지
260,갤럭시아머니트리
261,갤럭시아에스엠
262,경남스틸
263,경남제약
264,경농
265,경동나비엔
266,경동도시가스
267,경동인베스트
268,경동제약
269,경방
270,경보제약
271,경인양행
272,경인전자
273,경창산업
274,계룡건설
275,계양전기
276,고려산업
277,고려시멘트
278,고려신용정보
279,고려아연
280,고려제강
281,고려제약
282,고바이오랩
283,고영
284,골드앤에스
285,골드퍼시픽
286,골든센츄리
287,골프존
288,골프존뉴딘홀딩스
289,골프존데카
290,공구우먼
291,관악산업
292,광동제약
293,광림
294,광명전기
295,광무
296,광전자
297,광주신세계
298,광진실업
299,교보10호스팩
300,교보11호스팩
301,교보12호스팩
302,교보13호스팩
303,교보증권
304,교촌에프앤비
305,구영테크
306,국도화학
307,국동
308,국보
309,국보디자인
310,국순당
311,국영지앤엠
312,국일신동
313,국일제지
314,국전약품
315,국제약품
316,굿센
317,그래디언트
318,그리티
319,그린케미칼
320,그린플러스
321,극동유화
322,글로벌에스엠
323,글로벌텍스프리
324,글로본
325,금강공업
326,금강철강
327,금비
328,금양
329,금호건설
330,금호석유
331,금호에이치티
332,금호전기
333,금호타이어
334,금화피에스시
335,기가레인
336,기산텔레콤
337,기신정기
338,기아
339,기업은행
340,까뮤이앤씨
341,까스텔바작
342,깨끗한나라
343,나노
344,나노브릭
345,나노신소재
346,나노씨엠에스
347,나노엔텍
348,나노캠텍
349,나눔테크
350,나라소프트
351,나라엠앤디
352,나래나노텍
353,나무가
354,나무기술
355,나스미디어
356,나우IB
357,나우코스
358,나이벡
359,나이스디앤비
360,나이스정보통신
361,나인테크
362,남광토건
363,남선알미늄
364,남성
365,남양유업
366,남해화학
367,남화산업
368,남화토건
369,내츄럴엔도텍
370,네오리진
371,네오셈
372,네오오토
373,네오위즈
374,네오위즈홀딩스
375,네오이뮨텍
376,네오크레마
377,네오티스
378,네오팜
379,네오펙트
380,네온테크
381,네이블
382,네이처셀
383,네패스
384,네패스아크
385,넥센
386,넥센타이어
387,넥스턴바이오
388,넥스트아이
389,넥스트칩
390,넥스틴
391,넥슨게임즈
392,넵튠
393,넷마블
394,노드메이슨
395,노랑풍선
396,노루페인트
397,노루홀딩스
398,노바렉스
399,노바텍
400,노브메타파마
401,노블엠앤비
402,노을
403,노터스
404,녹십자
405,녹십자엠에스
406,녹십자웰빙
407,녹십자홀딩스
408,녹원씨엔아이
409,농심
410,농심홀딩스
411,농우바이오
412,누리플랜
413,누리플렉스
414,누보
415,뉴로메카
416,뉴보텍
417,뉴인텍
418,뉴지랩파마
419,뉴트리
420,뉴파워프라즈마
421,뉴프렉스
422,다날
423,다믈멀티미디어
424,다보링크
425,다산네트웍스
426,다스코
427,다올인베스트먼트
428,다올투자증권
429,다우기술
430,다우데이타
431,다원넥스뷰
432,다원시스
433,다이나믹디자인
434,다이오진
435,대교
436,대구백화점
437,대덕
438,대덕전자
439,대동
440,대동고려삼
441,대동금속
442,대동기어
443,대동스틸
444,대동전자
445,대륙제관
446,대림B&Co
447,대림제지
448,대림통상
449,대명소노시즌
450,대명에너지
451,대모
452,대보마그네틱
453,대봉엘에스
454,대상
455,대상홀딩스
456,대성미생물
457,대성산업
458,대성에너지
459,대성엘텍
460,대성창투
461,대성파인텍
462,대성하이텍
463,대성홀딩스
464,대신밸런스제10호스팩
465,대신밸런스제11호스팩
466,대신밸런스제12호스팩
467,대신밸런스제13호스팩
468,대신밸런스제14호스팩
469,대신정보통신
470,대신증권
471,대아티아이
472,대양금속
473,대양전기공업
474,대양제지
475,대영포장
476,대우건설
477,대우부품
478,대우조선해양
479,대웅
480,대웅제약
481,대원
482,대원강업
483,대원미디어
484,대원산업
485,대원전선
486,대원제약
487,대원화성
488,대유
489,대유에이텍
490,대유에이피
491,대유플러스
492,대정화금
493,대주산업
494,대주이엔티
495,대주전자재료
496,대창
497,대창단조
498,대창솔루션
499,대창스틸
500,대한과학
501,대한광통신
502,대한그린파워
503,대한뉴팜
504,대한방직
505,대한약품
506,대한유화
507,대한전선
508,대한제강
509,대한제당
510,대한제분
511,대한항공
512,대한해운
513,대한화섬
514,대현
515,대호에이엘
516,대호특수강
517,대화제약
518,더네이쳐홀딩스
519,더블유게임즈
520,더블유씨피
521,더블유에스아이
522,더존비즈온
523,더코디
524,더콘텐츠온
525,덕산네오룩스
526,덕산테코피아
527,덕산하이메탈
528,덕성
529,덕신하우징
530,덕양산업
531,덕우전자
532,데브시스터즈
533,데이드림엔터
534,데이타솔루션
535,데이터스트림즈
536,덱스터
537,덴티스
538,덴티움
539,도부마스크
540,도이치모터스
541,도화엔지니어링
542,동구바이오제약
543,동국S&C
544,동국산업
545,동국알앤에스
546,동국제강
547,동국제약
548,동남합성
549,동방
550,동방선기
551,동방아그로
552,동부건설
553,동서
554,동성제약
555,동성케미컬
556,동성화인텍
557,동신건설
558,동아쏘시오홀딩스
559,동아에스티
560,동아엘텍
561,동아지질
562,동아타이어
563,동아화성
564,동양
565,동양고속
566,동양생명
567,동양에스텍
568,동양이엔피
569,동양철관
570,동양파일
571,동양피스톤
572,동우팜투테이블
573,동운아나텍
574,동원F&B
575,동원개발
576,동원금속
577,동원산업
578,동원수산
579,동원시스템즈
580,동일고무벨트
581,동일금속
582,동일기연
583,동일산업
584,동일제강
585,동일철강
586,동진쎄미켐
587,동화기업
588,동화약품
589,두산
590,두산밥캣
591,두산에너빌리티
592,두산테스나
593,두산퓨얼셀
594,두올
595,듀오백
596,듀켐바이오
597,드래곤플라이
598,드림시큐리티
599,드림씨아이에스
600,드림어스컴퍼니
601,드림텍
602,디딤이앤에프
603,디모아
604,디바이스이엔지
605,디스플레이텍
606,디씨엠
607,디아이
608,디아이씨
609,디아이티
610,디아크
611,디알젬
612,디알텍
613,디앤디플랫폼리츠
614,디앤씨미디어
615,디어유
616,디에스앤엘
617,디에스케이
618,디에이테크놀로지
619,디에이피
620,디엑스앤브이엑스
621,디엔에이링크
622,디엔에프
623,디오
624,디와이
625,디와이디
626,디와이씨
627,디와이파워
628,디와이피엔에프
629,디이엔티
630,디젠스
631,디지아이
632,디지캡
633,디지털대성
634,디지틀조선
635,디케이락
636,디케이앤디
637,디케이티
638,디티앤씨
639,디티앤씨알오
640,디피코
641,딜리
642,딥노이드
643,라닉스
644,라온시큐어
645,라온테크
646,라온피플
647,라이온켐텍
648,라이트론
649,라이프사이언스테크놀로지
650,라이프시맨틱스
651,라파스
652,라피치
653,락앤락
654,래몽래인
655,램테크놀러지
656,랩지노믹스
657,러셀
658,럭스피아
659,레고켐바이오
660,레드캡투어
661,레몬
662,레이
663,레이언스
664,레이저쎌
665,레이크머티리얼즈
666,레인보우로보틱스
667,렌딩머신
668,로보로보
669,로보스타
670,로보쓰리
671,로보티즈
672,로스웰
673,로지스몬
674,로지시스
675,로체시스템즈
676,롯데관광개발
677,롯데렌탈
678,롯데리츠
679,롯데손해보험
680,롯데쇼핑
681,롯데정밀화학
682,롯데정보통신
683,롯데제과
684,롯데지주
685,롯데칠성
686,롯데케미칼
687,롯데하이마트
688,루닛
689,루멘스
690,루켄테크놀러지스
691,루트락
692,루트로닉
693,룽투코리아
694,리노공업
695,리노스
696,리더스 기술투자
697,리더스코스메틱
698,리드코프
699,리메드
700,리파인
701,린드먼아시아
702,링네트
703,링크제니시스
704,마니커
705,마니커에프앤지
706,마스턴프리미어리츠
707,마이크로디지탈
708,마이크로엔엑스
709,마이크로컨텍솔
710,마이크로프랜드
711,마인즈랩
712,마크로젠
713,만호제강
714,매일유업
715,매일홀딩스
716,매커스
717,맥스트
718,맥쿼리인프라
719,맵스리얼티1
720,머큐리
721,멀티캠퍼스
722,메가스터디
723,메가스터디교육
724,메가엠디
725,메드팩토
726,메디쎄이
727,메디아나
728,메디안디노스틱
729,메디앙스
730,메디젠휴먼케어
731,메디콕스
732,메디톡스
733,메디포스트
734,메디프론
735,메리츠금융지주
736,메리츠증권
737,메리츠화재
738,메이슨캐피탈
739,메지온
740,메카로
741,메타랩스
742,메타바이오메드
743,멕아이씨에스
744,멜파스
745,명문제약
746,명성티엔에스
747,명신산업
748,명진홀딩스
749,모나리자
750,모나미
751,모다이노칩
752,모델솔루션
753,모두투어
754,모두투어리츠
755,모바일어플라이언스
756,모베이스
757,모베이스전자
758,모비데이즈
759,모비릭스
760,모비스
761,모아데이타
762,모아텍
763,모코엠시스
764,모토닉
765,모트렉스
766,모헨즈
767,무림P&P
768,무림SP
769,무림페이퍼
770,무송지오씨
771,무진메디
772,무학
773,문배철강
774,미디어젠
775,미래나노텍
776,미래산업
777,미래생명자원
778,미래아이앤지
779,미래에셋글로벌리츠
780,미래에셋대우스팩 5호
781,미래에셋맵스리츠
782,미래에셋벤처투자
783,미래에셋비전스팩1호
784,미래에셋생명
785,미래에셋증권
786,미래엔에듀파트너
787,미래컴퍼니
788,미스터블루
789,미원상사
790,미원에스씨
791,미원홀딩스
792,미원화학
793,미창석유
794,미코
795,미코바이오메드
796,미투온
797,미투젠
798,바다로19호
799,바디텍메드
800,바른손
801,바른손이앤에이
802,바스칸바이오제약
803,바이넥스
804,바이브컴퍼니
805,바이오노트
806,바이오니아
807,바이오다인
808,바이오로그디바이스
809,바이오솔루션
810,바이오스마트
811,바이오시네틱스
812,바이오에프디엔씨
813,바이오인프라생명과학
814,바이오톡스텍
815,바이오프로테크
816,바이오플러스
817,바이온
818,바이옵트로
819,바이젠셀
820,바텍
821,박셀바이오
822,방림
823,배럴
824,백광산업
825,백금T&A
826,백산
827,밸로프
828,버킷스튜디오
829,범양건영
830,범한퓨얼셀
831,베노홀딩스
832,베뉴지
833,베른
834,베셀
835,베스파
836,베트남개발1
837,벽산
838,보광산업
839,보라티알
840,보락
841,보령
842,보로노이
843,보성파워텍
844,보해양조
845,본느
846,볼빅
847,부광약품
848,부국증권
849,부국철강
850,부방
851,부산산업
852,부산주공
853,부스타
854,뷰노
855,뷰웍스
856,브랜드엑스코퍼레이션
857,브레인즈컴퍼니
858,브리지텍
859,브릿지바이오테라퓨틱스
860,브이씨
861,브이원텍
862,브이티지엠피
863,블레이드 Ent
864,블루콤
865,블루탑
866,블리츠웨이
867,비나텍
868,비덴트
869,비디아이
870,비보존 제약
871,비비씨
872,비비안
873,비상교육
874,비스토스
875,비씨엔씨
876,비씨월드제약
877,비아트론
878,비에이치
879,비에이치아이
880,비엔디생활건강
881,비엔지티
882,비엔케이제1호스팩
883,비엘
884,비엘팜텍
885,비엘헬스케어
886,비엠티
887,비올
888,비즈니스온
889,비츠로셀
890,비츠로시스
891,비츠로테크
892,비케이탑스
893,비케이홀딩스
894,비투엔
895,비트나인
896,비트컴퓨터
897,비플라이소프트
898,비피도
899,빅솔론
900,빅텍
901,빅텐츠
902,빙그레
903,빛샘전자
904,뿌리깊은나무들
905,사람인에이치알
906,사조대림
907,사조동아원
908,사조산업
909,사조씨푸드
910,사조오양
911,산돌
912,삼강엠앤티
913,삼기
914,삼륭물산
915,삼목에스폼
916,삼보모터스
917,삼보산업
918,삼보판지
919,삼부토건
920,삼성SDI
921,삼성공조
922,삼성머스트스팩5호
923,삼성물산
924,삼성바이오로직스
925,삼성생명
926,삼성스팩4호
927,삼성스팩6호
928,삼성스팩7호
929,삼성에스디에스
930,삼성엔지니어링
931,삼성전기
932,삼성전자
933,삼성제약
934,삼성중공업
935,삼성증권
936,삼성출판사
937,삼성카드
938,삼성화재
939,삼아알미늄
940,삼아제약
941,삼양사
942,삼양식품
943,삼양옵틱스
944,삼양통상
945,삼양패키징
946,삼양홀딩스
947,삼영무역
948,삼영에스앤씨
949,삼영엠텍
950,삼영이엔씨
951,삼영전자
952,삼영화학
953,삼원강재
954,삼익THK
955,삼익악기
956,삼일
957,삼일기업공사
958,삼일씨엔에스
959,삼일제약
960,삼정펄프
961,삼지전자
962,삼진
963,삼진엘앤디
964,삼진제약
965,삼천당제약
966,삼천리
967,삼천리자전거
968,삼표시멘트
969,삼현철강
970,삼호개발
971,삼화네트웍스
972,삼화왕관
973,삼화전기
974,삼화전자
975,삼화콘덴서
976,삼화페인트
977,상보
978,상상인
979,상상인인더스트리
980,상상인제3호스팩
981,상상인증권
982,상신브레이크
983,상신이디피
984,상신전자
985,상아프론테크
986,상지카일룸
987,새로닉스
988,새론오토모티브
989,새빗켐
990,샘씨엔에스
991,샘표
992,샘표식품
993,샤페론
994,서남
995,서린바이오
996,서부T&D
997,서산
998,서암기계공업
999,서연
1000,서연이화
1001,서연탑메탈
1002,서울가스
1003,서울리거
1004,서울바이오시스
1005,서울반도체
1006,서울식품
1007,서울옥션
1008,서울전자통신
1009,서울제약
1010,서원
1011,서원인텍
1012,서전기전
1013,서진시스템
1014,서진오토모티브
1015,서플러스글로벌
1016,서한
1017,서호전기
1018,서흥
1019,서희건설
1020,석경에이티
1021,선광
1022,선도전기
1023,선바이오
1024,선익시스템
1025,선진
1026,선진뷰티사이언스
1027,성광벤드
1028,성도이엔지
1029,성문전자
1030,성보화학
1031,성신양회
1032,성안
1033,성우전자
1034,성우테크론
1035,성우하이텍
1036,성일하이텍
1037,성창기업지주
1038,성창오토텍
1039,성호전자
1040,세경하이테크
1041,세기상사
1042,세동
1043,세림B&G
1044,세명전기
1045,세방
1046,세방전지
1047,세보엠이씨
1048,세아메카닉스
1049,세아베스틸지주
1050,세아제강
1051,세아제강지주
1052,세아특수강
1053,세아홀딩스
1054,세우글로벌
1055,세운메디칼
1056,세원물산
1057,세원이앤씨
1058,세원정공
1059,세이브존I&C
1060,세종공업
1061,세종메디칼
1062,세종텔레콤
1063,세중
1064,세진중공업
1065,세진티에스
1066,세코닉스
1067,세토피아
1068,세하
1069,세화피앤씨
1070,센코
1071,센트랄모텍
1072,센트럴인사이트
1073,셀레믹스
1074,셀루메드
1075,셀리드
1076,셀리버리
1077,셀바스AI
1078,셀바스헬스케어
1079,셀젠텍
1080,셀트리온
1081,셀트리온제약
1082,셀트리온헬스케어
1083,셀피글로벌
1084,소니드
1085,소룩스
1086,소마젠
1087,소프트센
1088,소프트캠프
1089,손오공
1090,솔고바이오
1091,솔루스첨단소재
1092,솔루에타
1093,솔루엠
1094,솔본
1095,솔브레인
1096,솔브레인홀딩스
1097,솔트룩스
1098,솔트웨어
1099,송원산업
1100,쇼박스
1101,수산아이앤티
1102,수산인더스트리
1103,수산중공업
1104,수성샐바시온
1105,수젠텍
1106,수프로
1107,슈프리마
1108,슈프리마아이디
1109,슈프리마에이치큐
1110,슈피겐코리아
1111,스마트솔루션즈
1112,스맥
1113,스카이라이프
1114,스카이문스테크놀로지
1115,스코넥
1116,스킨앤스킨
1117,스타플렉스
1118,스톤브릿지벤처스
1119,스튜디오드래곤
1120,스튜디오산타클로스
1121,스틱인베스트먼트
1122,스페코
1123,승일
1124,시공테크
1125,시그네틱스
1126,시너지이노베이션
1127,시노펙스
1128,시디즈
1129,시스웍
1130,시큐브
1131,시큐센
1132,시티랩스
1133,신대양제지
1134,신도기연
1135,신도리코
1136,신라교역
1137,신라섬유
1138,신라에스지
1139,신라젠
1140,신성델타테크
1141,신성이엔지
1142,신성통상
1143,신세계
1144,신세계 I&C
1145,신세계건설
1146,신세계인터내셔날
1147,신세계푸드
1148,신송홀딩스
1149,신스틸
1150,신신제약
1151,신영스팩6호
1152,신영스팩7호
1153,신영스팩8호
1154,신영스팩9호
1155,신영와코루
1156,신영증권
1157,신원
1158,신원종합개발
1159,신일전자
1160,신일제약
1161,신진에스엠
1162,신테카바이오
1163,신풍
1164,신풍제약
1165,신한서부티엔디리츠
1166,신한알파리츠
1167,신한제10호스팩
1168,신한제7호스팩
1169,신한제8호스팩
1170,신한제9호스팩
1171,신한지주
1172,신화인터텍
1173,신화콘텍
1174,신흥
1175,신흥에스이씨
1176,실리콘투
1177,심텍
1178,심텍홀딩스
1179,싸이맥스
1180,싸이버원
1181,싸이토젠
1182,쌍방울
1183,쌍용C&E
1184,쌍용정보통신
1185,쌍용차
1186,써니전자
1187,썬테크
1188,썸에이지
1189,쎄노텍
1190,쎄니트
1191,쎄트렉아이
1192,쎌마테라퓨틱스
1193,쎌바이오텍
1194,쏘카
1195,쏠리드
1196,씨씨에스
1197,씨아이에스
1198,씨아이테크
1199,씨알푸드
1200,씨앗
1201,씨앤씨인터내셔널
1202,씨앤에스링크
1203,씨앤지하이테크
1204,씨앤투스
1205,씨에스베어링
1206,씨에스윈드
1207,씨엔알리서치
1208,씨엔티드림
1209,씨엔플러스
1210,씨유메디칼
1211,씨유테크
1212,씨이랩
1213,씨젠
1214,씨케이에이치
1215,씨큐브
1216,씨티씨바이오
1217,씨티케이
1218,아가방컴퍼니
1219,아나패스
1220,아난티
1221,아남전자
1222,아리온
1223,아모그린텍
1224,아모레G
1225,아모레퍼시픽
1226,아모센스
1227,아모텍
1228,아미노로직스
1229,아미코젠
1230,아바코
1231,아바텍
1232,아비코전자
1233,아세아
1234,아세아시멘트
1235,아세아제지
1236,아세아텍
1237,아센디오
1238,아셈스
1239,아스타
1240,아스트
1241,아스플로
1242,아시아경제
1243,아시아나IDT
1244,아시아나항공
1245,아시아종묘
1246,아우딘퓨쳐스
1247,아이디스
1248,아이디스홀딩스
1249,아이디피
1250,아이마켓코리아
1251,아이비김영
1252,아이센스
1253,아이스크림에듀
1254,아이쓰리시스템
1255,아이씨디
1256,아이씨에이치
1257,아이앤씨
1258,아이에스동서
1259,아이에스이커머스
1260,아이에이
1261,아이엘사이언스
1262,아이엠
1263,아이오바이오
1264,아이오케이
1265,아이윈
1266,아이윈플러스
1267,아이즈비전
1268,아이진
1269,아이컴포넌트
1270,아이케이세미콘
1271,아이퀘스트
1272,아이큐어
1273,아이크래프트
1274,아이텍
1275,아이톡시
1276,아이티센
1277,아이티아이즈
1278,아이티엠반도체
1279,아이패밀리에스씨
1280,아주IB투자
1281,아주스틸
1282,아즈텍WB
1283,아진산업
1284,아진엑스텍
1285,아톤
1286,아퓨어스
1287,아프리카TV
1288,아하
1289,안국약품
1290,안랩
1291,안지오랩
1292,안트로젠
1293,알로이스
1294,알루코
1295,알리코제약
1296,알비더블유
1297,알서포트
1298,알에스오토메이션
1299,알에프세미
1300,알에프텍
1301,알엔투테크놀로지
1302,알체라
1303,알테오젠
1304,알톤스포츠
1305,알티캐스트
1306,알파홀딩스
1307,알피바이오
1308,압타머사이언스
1309,압타바이오
1310,앙츠
1311,애경산업
1312,애경케미칼
1313,애니메디솔루션
1314,애니젠
1315,애니플러스
1316,애드바이오텍
1317,애머릿지
1318,액션스퀘어
1319,액토즈소프트
1320,액트로
1321,앤디포스
1322,앤씨앤
1323,앱코
1324,앱클론
1325,야스
1326,양지사
1327,어반리튬
1328,어보브반도체
1329,어스앤에어로스페이스
1330,얼라인드
1331,엄지하우스
1332,에너토크
1333,에넥스
1334,에브리봇
1335,에스넷
1336,에스디바이오센서
1337,에스디생명공학
1338,에스디시스템
1339,에스맥
1340,에스비비테크
1341,에스씨디
1342,에스씨엠생명과학
1343,에스아이리소스
1344,에스알바이오텍
1345,에스앤더블류
1346,에스앤디
1347,에스앤에스텍
1348,에스에너지
1349,에스에스알
1350,에스에이엠티
1351,에스에이티
1352,에스에이티이엔지
1353,에스에프에이
1354,에스엔유
1355,에스엘
1356,에스엘바이오닉스
1357,에스엘에스바이오
1358,에스엘테라퓨틱스
1359,에스엠
1360,에스엠벡셀
1361,에스엠비나
1362,에스엠코어
1363,에스와이
1364,에스원
1365,에스제이그룹
1366,에스제이켐
1367,에스케이씨에스
1368,에스케이증권7호스팩
1369,에스케이증권제8호스팩
1370,에스코넥
1371,에스텍
1372,에스텍파마
1373,에스트래픽
1374,에스티아이
1375,에스티오
1376,에스티큐브
1377,에스티팜
1378,에스폴리텍
1379,에스퓨얼셀
1380,에스피시스템스
1381,에스피지
1382,에쎈테크
1383,에쓰씨엔지니어링
1384,에어부산
1385,에이디엠코리아
1386,에이디칩스
1387,에이디테크놀로지
1388,에이루트
1389,에이리츠
1390,에이블씨엔씨
1391,에이비엘바이오
1392,에이비온
1393,에이비프로바이오
1394,에이스침대
1395,에이스테크
1396,에이스토리
1397,에이아이더뉴트리진
1398,에이에프더블류
1399,에이엔피
1400,에이원알폼
1401,에이치시티
1402,에이치앤비디자인
1403,에이치엔에스하이텍
1404,에이치엘사이언스
1405,에이치엠씨제4호스팩
1406,에이치엠씨제5호스팩
1407,에이치와이티씨
1408,에이치케이
1409,에이치피오
1410,에이테크솔루션
1411,에이텍
1412,에이텍티앤
1413,에이트원
1414,에이티넘인베스트
1415,에이티세미콘
1416,에이팩트
1417,에이펙스인텍
1418,에이프로
1419,에이프로젠
1420,에이프로젠 H&G
1421,에이프로젠바이오로직스
1422,에이프릴바이오
1423,에이플러스에셋
1424,에이피티씨
1425,에치에프알
1426,에코마케팅
1427,에코바이오
1428,에코캡
1429,에코프로
1430,에코프로비엠
1431,에코프로에이치엔
1432,에코플라스틱
1433,에프알텍
1434,에프앤가이드
1435,에프앤리퍼블릭
1436,에프에스티
1437,에프엔씨엔터
1438,에프엔에스테크
1439,엑사이엔씨
1440,엑서지21
1441,엑세스바이오
1442,엑셈
1443,엑스큐어
1444,엑시콘
1445,엔바이오니아
1446,엔브이에이치코리아
1447,엔비티
1448,엔솔바이오사이언스
1449,엔시스
1450,엔시트론
1451,엔씨소프트
1452,엔에스엔
1453,엔에스엠
1454,엔에스컴퍼니
1455,엔에이치스팩19호
1456,엔에이치스팩20호
1457,엔에이치스팩22호
1458,엔에이치스팩23호
1459,엔에이치스팩24호
1460,엔에이치스팩25호
1461,엔에이치스팩26호
1462,엔에이치스팩27호
1463,엔에프씨
1464,엔젠바이오
1465,엔젯
1466,엔지브이아이
1467,엔지스테크널러지
1468,엔지켐생명과학
1469,엔케이
1470,엔케이맥스
1471,엔켐
1472,엔텔스
1473,엔투텍
1474,엔피
1475,엔피디
1476,엔피케이
1477,엘디티
1478,엘리비젼
1479,엘브이엠씨홀딩스
1480,엘비루셈
1481,엘비세미콘
1482,엘아이에스
1483,엘앤씨바이오
1484,엘앤에프
1485,엘앤케이바이오
1486,엘에이티
1487,엘엠에스
1488,엘오티베큠
1489,엘컴텍
1490,엘티씨
1491,엠게임
1492,엠로
1493,엠벤처투자
1494,엠브레인
1495,엠씨넥스
1496,엠아이텍
1497,엠에스씨
1498,엠에스오토텍
1499,엠에프엠코리아
1500,엠케이전자
1501,엠투아이
1502,엠투엔
1503,엠플러스
1504,엠피대산
1505,엠피씨플러스
1506,연우
1507,영림원소프트랩
1508,영보화학
1509,영신금속
1510,영우디에스피
1511,영원무역
1512,영원무역홀딩스
1513,영진약품
1514,영창케미칼
1515,영풍
1516,영풍정밀
1517,영풍제지
1518,영화금속
1519,영화테크
1520,영흥
1521,예림당
1522,예선테크
1523,예스24
1524,예스코홀딩스
1525,예스티
1526,오가닉티코스메틱
1527,오공
1528,오디텍
1529,오뚜기
1530,오로라
1531,오로스테크놀로지
1532,오르비텍
1533,오리엔탈정공
1534,오리엔트바이오
1535,오리엔트정공
1536,오리온
1537,오리온홀딩스
1538,오리콤
1539,오비고
1540,오상자이엘
1541,오성첨단소재
1542,오션브릿지
1543,오스코텍
1544,오스테오닉
1545,오스템
1546,오스템임플란트
1547,오에스피
1548,오이솔루션
1549,오킨스전자
1550,오텍
1551,오토앤
1552,오파스넷
1553,오픈베이스
1554,오픈엣지테크놀로지
1555,오하임아이엔티
1556,올리패스
1557,올릭스
1558,옴니시스템
1559,옵투스제약
1560,옵트론텍
1561,옵티시스
1562,옵티코어
1563,옵티팜
1564,와이더플래닛
1565,와이솔
1566,와이아이케이
1567,와이어블
1568,와이엔텍
1569,와이엠씨
1570,와이엠텍
1571,와이엠티
1572,와이오엠
1573,와이제이엠게임즈
1574,와이즈버즈
1575,와이지-원
1576,와이지엔터테인먼트
1577,와이투솔루션
1578,와이팜
1579,와토스코리아
1580,용평리조트
1581,우리금융지주
1582,우리기술
1583,우리기술투자
1584,우리넷
1585,우리로
1586,우리바이오
1587,우리산업
1588,우리산업홀딩스
1589,우리손에프앤지
1590,우리엔터프라이즈
1591,우리이앤엘
1592,우리종금
1593,우림피티에스
1594,우성
1595,우수AMS
1596,우신시스템
1597,우양
1598,우원개발
1599,우정바이오
1600,우주일렉트로
1601,우진
1602,우진비앤지
1603,우진아이엔에스
1604,우진플라임
1605,웅진
1606,웅진씽크빅
1607,원림
1608,원바이오젠
1609,원방테크
1610,원익
1611,원익IPS
1612,원익QnC
1613,원익머트리얼즈
1614,원익큐브
1615,원익피앤이
1616,원익홀딩스
1617,원일특강
1618,원준
1619,원텍
1620,원티드랩
1621,원포유
1622,원풍
1623,원풍물산
1624,월덱스
1625,웨이버스
1626,웨이브일렉트로
1627,웰바이오텍
1628,웰크론
1629,웰크론한텍
1630,웹스
1631,웹젠
1632,웹케시
1633,위니아
1634,위니아에이드
1635,위닉스
1636,위더스제약
1637,위드텍
1638,위메이드
1639,위메이드맥스
1640,위메이드플레이
1641,위세아이텍
1642,위월드
1643,위즈코프
1644,위지윅스튜디오
1645,위지트
1646,윈스
1647,윈텍
1648,윈팩
1649,윈하이텍
1650,윌링스
1651,윌비스
1652,윙스풋
1653,윙입푸드
1654,유나이티드제약
1655,유네코
1656,유니드
1657,유니드비티플러스
1658,유니셈
1659,유니슨
1660,유니온
1661,유니온머티리얼
1662,유니온커뮤니티
1663,유니켐
1664,유니퀘스트
1665,유니크
1666,유니테스트
1667,유니테크노
1668,유니트론텍
1669,유니포인트
1670,유라테크
1671,유바이오로직스
1672,유비벨록스
1673,유비온
1674,유비케어
1675,유비쿼스
1676,유비쿼스홀딩스
1677,유성기업
1678,유성티엔에스
1679,유수홀딩스
1680,유신
1681,유아이디
1682,유아이엘
1683,유안타제10호스팩
1684,유안타제8호스팩
1685,유안타제9호스팩
1686,유안타증권
1687,유에스티
1688,유엑스엔
1689,유엔젤
1690,유유제약
1691,유일로보틱스
1692,유일에너테크
1693,유진기업
1694,유진로봇
1695,유진스팩6호
1696,유진스팩7호
1697,유진스팩8호
1698,유진스팩9호
1699,유진테크
1700,유진투자증권
1701,유테크
1702,유투바이오
1703,유티아이
1704,유틸렉스
1705,유한양행
1706,유화증권
1707,육일씨엔에쓰
1708,윤성에프앤씨
1709,율촌화학
1710,율호
1711,이건산업
1712,이건홀딩스
1713,이구산업
1714,이글루
1715,이글벳
1716,이노뎁
1717,이노룰스
1718,이노메트리
1719,이노벡스
1720,이노션
1721,이노시스
1722,이노와이어리스
1723,이노인스트루먼트
1724,이노진
1725,이노테라피
1726,이녹스
1727,이녹스첨단소재
1728,이니텍
1729,이라이콤
1730,이랜시스
1731,이랜텍
1732,이루다
1733,이루온
1734,이리츠코크렙
1735,이마트
1736,이미지스
1737,이베스트투자증권
1738,이브이첨단소재
1739,이비테크
1740,이삭엔지니어링
1741,이상네트웍스
1742,이성씨엔아이
1743,이수앱지스
1744,이수페타시스
1745,이수화학
1746,이스타코
1747,이스트소프트
1748,이스트아시아홀딩스
1749,이씨에스
1750,이아이디
1751,이앤에치
1752,이엔드디
1753,이엔에프테크놀로지
1754,이엔코퍼레이션
1755,이엔플러스
1756,이엘피
1757,이엠넷
1758,이엠앤아이
1759,이엠코리아
1760,이엠텍
1761,이엠티
1762,이연제약
1763,이오테크닉스
1764,이오플로우
1765,이원컴포텍
1766,이월드
1767,이즈미디어
1768,이지바이오
1769,이지스레지던스리츠
1770,이지스밸류리츠
1771,이지케어텍
1772,이지트로닉스
1773,이지홀딩스
1774,이큐셀
1775,이크레더블
1776,이트론
1777,이퓨쳐
1778,이화공영
1779,이화산업
1780,이화전기
1781,인디에프
1782,인바디
1783,인바이오
1784,인바이오젠
1785,인바이츠바이오코아
1786,인베니아
1787,인벤티지랩
1788,인산가
1789,인선이엔티
1790,인성정보
1791,인스코비
1792,인지디스플레
1793,인지소프트
1794,인지컨트롤스
1795,인천도시가스
1796,인카금융서비스
1797,인콘
1798,인크로스
1799,인탑스
1800,인터로조
1801,인터엠
1802,인터지스
1803,인터플렉스
1804,인텍플러스
1805,인텔리안테크
1806,인트로메딕
1807,인트론바이오
1808,인팩
1809,인포마크
1810,인포바인
1811,인포뱅크
1812,인피니트헬스케어
1813,인화정공
1814,일동제약
1815,일동홀딩스
1816,일성건설
1817,일성신약
1818,일승
1819,일신바이오
1820,일신방직
1821,일신석재
1822,일야
1823,일양약품
1824,일정실업
1825,일지테크
1826,일진다이아
1827,일진디스플
1828,일진머티리얼즈
1829,일진전기
1830,일진파워
1831,일진하이솔루스
1832,일진홀딩스
1833,잇츠한불
1834,잉글우드랩
1835,잉크테크
1836,자비스
1837,자연과환경
1838,자이글
1839,자이언트스텝
1840,자이에스앤디
1841,자화전자
1842,장원테크
1843,재영솔루텍
1844,저스템
1845,전방
1846,전진바이오팜
1847,정다운
1848,정상제이엘에스
1849,정원엔시스
1850,제너셈
1851,제넥신
1852,제넨바이오
1853,제노레이
1854,제노코
1855,제노텍
1856,제노포커스
1857,제놀루션
1858,제닉
1859,제로투세븐
1860,제룡산업
1861,제룡전기
1862,제우스
1863,제이브이엠
1864,제이스코홀딩스
1865,제이스텍
1866,제이시스메디칼
1867,제이씨케미칼
1868,제이씨현시스템
1869,제이아이테크
1870,제이알글로벌리츠
1871,제이앤티씨
1872,제이에스코퍼레이션
1873,제이에스티나
1874,제이엔케이히터
1875,제이엘케이
1876,제이엠멀티
1877,제이엠아이
1878,제이엠티
1879,제이웨이
1880,제이준코스메틱
1881,제이티
1882,제일기획
1883,제일바이오
1884,제일약품
1885,제일연마
1886,제일전기공업
1887,제일테크노스
1888,제일파마홀딩스
1889,제주맥주
1890,제주반도체
1891,제주은행
1892,제주항공
1893,제테마
1894,젠큐릭스
1895,젬
1896,젬백스
1897,젬백스링크
1898,조광ILI
1899,조광페인트
1900,조광피혁
1901,조비
1902,조선내화
1903,조선선재
1904,조아제약
1905,조이시티
1906,조일알미늄
1907,조흥
1908,종근당
1909,종근당바이오
1910,종근당홀딩스
1911,좋은사람들
1912,주성엔지니어링
1913,주연테크
1914,줌인터넷
1915,중앙디앤엠
1916,중앙백신
1917,중앙에너비스
1918,지나인제약
1919,지노믹트리
1920,지놈앤컴퍼니
1921,지누스
1922,지니너스
1923,지니뮤직
1924,지니언스
1925,지니틱스
1926,지더블유바이텍
1927,지란지교시큐리티
1928,지씨셀
1929,지아이텍
1930,지앤비에스엔지니어링
1931,지앤이헬스케어
1932,지어소프트
1933,지에스이
1934,지에프씨생명과학
1935,지엔씨에너지
1936,지엔원에너지
1937,지엔코
1938,지엘팜텍
1939,지엠비코리아
1940,지역난방공사
1941,지오엘리먼트
1942,지투알
1943,지투파워
1944,지티지웰니스
1945,진도
1946,진로발효
1947,진매트릭스
1948,진바이오텍
1949,진성티이씨
1950,진시스템
1951,진양산업
1952,진양제약
1953,진양폴리
1954,진양홀딩스
1955,진양화학
1956,진에어
1957,진원생명과학
1958,진코스텍
1959,진흥기업
1960,질경이
1961,차바이오텍
1962,차백신연구소
1963,참엔지니어링
1964,참좋은여행
1965,창해에탄올
1966,천보
1967,천일고속
1968,청광건설
1969,청담글로벌
1970,체리부로
1971,체시스
1972,초록뱀미디어
1973,초록뱀이앤엠
1974,초록뱀컴퍼니
1975,초록뱀헬스케어
1976,칩스앤미디어
1977,카나리아바이오
1978,카스
1979,카이노스메드
1980,카이바이오텍
1981,카카오
1982,카카오게임즈
1983,카카오뱅크
1984,카카오페이
1985,카페24
1986,카프로
1987,캐리소프트
1988,캐스텍코리아
1989,캠시스
1990,커넥트웨이브
1991,커머스마이너
1992,컨버즈
1993,컬러레이
1994,컴투스
1995,컴투스홀딩스
1996,컴퍼니케이
1997,케스피온
1998,케어랩스
1999,케어젠
2000,케이디켐
2001,케이비아이동국실업
2002,케이비제21호스팩
2003,케이비제22호스팩
2004,케이비제23호스팩
2005,케이사인
2006,케이씨
2007,케이씨에스
2008,케이씨텍
2009,케이씨티
2010,케이씨피드
2011,케이아이엔엑스
2012,케이에스피
2013,케이엔더블유
2014,케이엔제이
2015,케이엘넷
2016,케이엠
2017,케이엠더블유
2018,케이엠제약
2019,케이옥션
2020,케이카
2021,케이탑리츠
2022,케이티알파
2023,케이프
2024,케이피에스
2025,케이피에프
2026,케이피엠테크
2027,케이피티유
2028,케일럼
2029,켄코아에어로스페이스
2030,켈스
2031,켐트로닉스
2032,켐트로스
2033,코나솔
2034,코나아이
2035,코난테크놀로지
2036,코닉오토메이션
2037,코다코
2038,코데즈컴바인
2039,코드네이처
2040,코디
2041,코람코더원리츠
2042,코람코에너지리츠
2043,코렌텍
2044,코리아나
2045,코리아써키트
2046,코리아에셋투자증권
2047,코리아에프티
2048,코리안리
2049,코맥스
2050,코메론
2051,코미코
2052,코미팜
2053,코세스
2054,코센
2055,코셋
2056,코스나인
2057,코스맥스
2058,코스맥스비티아이
2059,코스맥스엔비티
2060,코스메카코리아
2061,코스모신소재
2062,코스모화학
2063,코스온
2064,코스텍시스템
2065,코아스
2066,코아스템켐온
2067,코아시아
2068,코아시아옵틱스
2069,코엔텍
2070,코오롱
2071,코오롱글로벌
2072,코오롱생명과학
2073,코오롱인더
2074,코오롱티슈진
2075,코오롱플라스틱
2076,코원플레이
2077,코웨이
2078,코웰패션
2079,코위버
2080,코윈테크
2081,코이즈
2082,코콤
2083,코텍
2084,코퍼스코리아
2085,콘텐트리중앙
2086,콜마비앤에이치
2087,콤텍시스템
2088,쿠콘
2089,쿠쿠홀딩스
2090,쿠쿠홈시스
2091,퀀타매트릭스
2092,큐라클
2093,큐러블
2094,큐렉소
2095,큐로
2096,큐로컴
2097,큐로홀딩스
2098,큐리언트
2099,큐브엔터
2100,큐알티
2101,큐에스아이
2102,큐엠씨
2103,큐캐피탈
2104,크라운제과
2105,크라운해태홀딩스
2106,크래프톤
2107,크레버스
2108,크로넥스
2109,크로바하이텍
2110,크루셜텍
2111,크리스에프앤씨
2112,크리스탈신소재
2113,크리스탈지노믹스
2114,크린앤사이언스
2115,클라우드에어
2116,클래시스
2117,클리노믹스
2118,클리오
2119,키네마스터
2120,키다리스튜디오
2121,키움제6호스팩
2122,키움제7호스팩
2123,키움증권
2124,키이스트
2125,타스컴
2126,타이거일렉
2127,타이드
2128,타임기술
2129,탈로스
2130,탑머티리얼
2131,탑선
2132,탑엔지니어링
2133,탑코미디어
2134,태경비케이
2135,태경산업
2136,태경케미컬
2137,태광
2138,태광산업
2139,태림포장
2140,태성
2141,태양
2142,태양금속
2143,태양기계
2144,태영건설
2145,태웅
2146,태웅로직스
2147,태원물산
2148,태평양물산
2149,테고사이언스
2150,테라사이언스
2151,테라젠이텍스
2152,테스
2153,테이팩스
2154,테크엔
2155,테크엘
2156,테크윙
2157,테크트랜스
2158,텔레칩스
2159,텔레필드
2160,텔코웨어
2161,텔콘RF제약
2162,토니모리
2163,토마토시스템
2164,토박스코리아
2165,토비스
2166,토탈소프트
2167,톱텍
2168,투비소프트
2169,툴젠
2170,트루윈
2171,트윔
2172,특수건설
2173,티라유텍
2174,티로보틱스
2175,티비씨
2176,티사이언티픽
2177,티쓰리
2178,티씨케이
2179,티앤알바이오팹
2180,티앤엘
2181,티에스넥스젠
2182,티에스아이
2183,티에스이
2184,티에이치엔
2185,티에프이
2186,티엘비
2187,티엘아이
2188,티엘엔지니어링
2189,티와이홀딩스
2190,티움바이오
2191,티웨이항공
2192,티웨이홀딩스
2193,티케이케미칼
2194,티플랙스
2195,티피씨글로벌
2196,틸론
2197,팅크웨어
2198,파나진
2199,파나케이아
2200,파라다이스
2201,파라텍
2202,파루
2203,파마리서치
2204,파마리서치바이오
2205,파멥신
2206,파미셀
2207,파버나인
2208,파세코
2209,파수
2210,파워넷
2211,파워로직스
2212,파워풀엑스
2213,파이버프로
2214,파이오링크
2215,파인디앤씨
2216,파인디지털
2217,파인엠텍
2218,파인테크닉스
2219,파인텍
2220,파커스
2221,파크시스템스
2222,파트론
2223,판도라티비
2224,판타지오
2225,팜스빌
2226,팜스코
2227,팜스토리
2228,팜젠사이언스
2229,패션플랫폼
2230,팬스타엔터프라이즈
2231,팬엔터테인먼트
2232,팬오션
2233,팬젠
2234,퍼스텍
2235,퍼시스
2236,펄어비스
2237,펌텍코리아
2238,페이퍼코리아
2239,펨토바이오메드
2240,펨트론
2241,펩트론
2242,평화산업
2243,평화홀딩스
2244,포메탈
2245,포바이포
2246,포스코 ICT
2247,포스코스틸리온
2248,포스코엠텍
2249,포스코인터내셔널
2250,포스코케미칼
2251,포시에스
2252,포인트모바일
2253,포인트엔지니어링
2254,포커스에이치엔에스
2255,폴라리스세원
2256,폴라리스오피스
2257,폴라리스우노
2258,푸드나무
2259,푸드웰
2260,푸른기술
2261,푸른저축은행
2262,풀무원
2263,풍강
2264,풍국주정
2265,풍산
2266,풍산홀딩스
2267,풍원정밀
2268,퓨런티어
2269,퓨쳐메디신
2270,퓨쳐켐
2271,프럼파스트
2272,프레스티지바이오로직스
2273,프레스티지바이오파마
2274,프로스테믹스
2275,프로이천
2276,프로테옴텍
2277,프로텍
2278,프롬바이오
2279,프리시젼바이오
2280,프리엠스
2281,플라즈맵
2282,플래스크
2283,플래티어
2284,플랜티넷
2285,플럼라인생명과학
2286,플레이그램
2287,플레이디
2288,플레이위드
2289,플리토
2290,피노텍
2291,피델릭스
2292,피씨디렉트
2293,피씨엘
2294,피앤씨테크
2295,피에스엠씨
2296,피에스케이
2297,피에스케이홀딩스
2298,피에스텍
2299,피에이치씨
2300,피에이치에이
2301,피엔아이컴퍼니
2302,피엔에이치테크
2303,피엔케이피부임상연구센타
2304,피엔티
2305,피제이메탈
2306,피제이전자
2307,피코그램
2308,피플바이오
2309,피피아이
2310,픽셀플러스
2311,핀텔
2312,필옵틱스
2313,핌스
2314,핑거
2315,핑거스토리
2316,하나금융16호스팩
2317,하나금융19호스팩
2318,하나금융20호스팩
2319,하나금융21호스팩
2320,하나금융22호스팩
2321,하나금융23호스팩
2322,하나금융24호스팩
2323,하나금융25호스팩
2324,하나금융지주
2325,하나기술
2326,하나마이크론
2327,하나머스트7호스팩
2328,하나머티리얼즈
2329,하나제약
2330,하나투어
2331,하림
2332,하림지주
2333,하이드로리튬
2334,하이딥
2335,하이로닉
2336,하이록코리아
2337,하이브
2338,하이비젼시스템
2339,하이소닉
2340,하이스틸
2341,하이제6호스팩
2342,하이제7호스팩
2343,하이즈항공
2344,하이텍팜
2345,하이트론
2346,하이트진로
2347,하이트진로홀딩스
2348,하인크코리아
2349,하츠
2350,한국ANKOR유전
2351,한국가구
2352,한국가스공사
2353,한국경제TV
2354,한국공항
2355,한국금융지주
2356,한국기업평가
2357,한국내화
2358,한국단자
2359,한국맥널티
2360,한국미라클피플사
2361,한국비엔씨
2362,한국석유
2363,한국선재
2364,한국수출포장
2365,한국쉘석유
2366,한국알콜
2367,한국앤컴퍼니
2368,한국유니온제약
2369,한국자산신탁
2370,한국전력
2371,한국전자금융
2372,한국전자인증
2373,한국전자홀딩스
2374,한국정밀기계
2375,한국정보공학
2376,한국정보인증
2377,한국정보통신
2378,한국제10호스팩
2379,한국제11호스팩
2380,한국조선해양
2381,한국종합기술
2382,한국주강
2383,한국주철관
2384,한국철강
2385,한국카본
2386,한국캐피탈
2387,한국컴퓨터
2388,한국콜마
2389,한국콜마홀딩스
2390,한국큐빅
2391,한국타이어앤테크놀로지
2392,한국테크놀로지
2393,한국토지신탁
2394,한국특강
2395,한국파마
2396,한국패러랠
2397,한국팩키지
2398,한국프랜지
2399,한국항공우주
2400,한국화장품
2401,한국화장품제조
2402,한글과컴퓨터
2403,한네트
2404,한농화성
2405,한독
2406,한독크린텍
2407,한라IMS
2408,한미글로벌
2409,한미반도체
2410,한미사이언스
2411,한미약품
2412,한빛소프트
2413,한샘
2414,한섬
2415,한성기업
2416,한세실업
2417,한세엠케이
2418,한세예스24홀딩스
2419,한솔PNS
2420,한솔로지스틱스
2421,한솔아이원스
2422,한솔인티큐브
2423,한솔제지
2424,한솔케미칼
2425,한솔테크닉스
2426,한솔홀딩스
2427,한솔홈데코
2428,한송네오텍
2429,한스바이오메드
2430,한신공영
2431,한신기계
2432,한양디지텍
2433,한양이엔지
2434,한양증권
2435,한온시스템
2436,한올바이오파마
2437,한익스프레스
2438,한일단조
2439,한일사료
2440,한일시멘트
2441,한일진공
2442,한일철강
2443,한일현대시멘트
2444,한일홀딩스
2445,한일화학
2446,한전KPS
2447,한전기술
2448,한전산업
2449,한중엔시에스
2450,한진
2451,한진중공업홀딩스
2452,한진칼
2453,한창
2454,한창산업
2455,한창제지
2456,한컴라이프케어
2457,한컴위드
2458,한탑
2459,한화
2460,한화생명
2461,한화손해보험
2462,한화솔루션
2463,한화시스템
2464,한화에어로스페이스
2465,한화투자증권
2466,한화플러스제2호스팩
2467,한화플러스제3호스팩
2468,해성디에스
2469,해성산업
2470,해성옵틱스
2471,해성티피씨
2472,해태제과식품
2473,핸디소프트
2474,핸즈코퍼레이션
2475,헝셩그룹
2476,헥토이노베이션
2477,헥토파이낸셜
2478,헬릭스미스
2479,현대건설
2480,현대건설기계
2481,현대공업
2482,현대그린푸드
2483,현대글로비스
2484,현대두산인프라코어
2485,현대로템
2486,현대리바트
2487,현대모비스
2488,현대무벡스
2489,현대미포조선
2490,현대바이오
2491,현대바이오랜드
2492,현대백화점
2493,현대비앤지스틸
2494,현대약품
2495,현대에너지솔루션
2496,현대에버다임
2497,현대에이치티
2498,현대엘리베이
2499,현대오토에버
2500,현대위아
2501,현대이지웰
2502,현대일렉트릭
2503,현대제철
2504,현대중공업
2505,현대차
2506,현대차증권
2507,현대코퍼레이션
2508,현대코퍼레이션홀딩스
2509,현대퓨처넷
2510,현대해상
2511,현대홈쇼핑
2512,현우산업
2513,협진
2514,형지I&C
2515,형지엘리트
2516,혜인
2517,호전실업
2518,호텔신라
2519,홈센타홀딩스
2520,홈캐스트
2521,화성밸브
2522,화성산업
2523,화승알앤에이
2524,화승엔터프라이즈
2525,화승인더
2526,화승코퍼레이션
2527,화신
2528,화신정공
2529,화인베스틸
2530,화일약품
2531,화천기계
2532,화천기공
2533,환인제약
2534,황금에스티
2535,효성
2536,효성ITX
2537,효성오앤비
2538,효성중공업
2539,효성첨단소재
2540,효성티앤씨
2541,효성화학
2542,후성
2543,휠라홀딩스
2544,휴네시온
2545,휴니드
2546,휴럼
2547,휴림네트웍스
2548,휴림로봇
2549,휴마시스
2550,휴맥스
2551,휴맥스홀딩스
2552,휴먼엔
2553,휴메딕스
2554,휴벡셀
2555,휴비스
2556,휴비츠
2557,휴센텍
2558,휴스틸
2559,휴엠앤씨
2560,휴온스
2561,휴온스글로벌
2562,휴젤
2563,흥구석유
2564,흥국
2565,흥국에프엔비
2566,흥국화재
2567,흥아해운
2568,희림
2569,힘스
2570,060310
2571,095570
2572,006840
2573,054620
2574,265520
2575,211270
2576,027410
2577,282330
2578,126600
2579,138930
2580,001460
2581,013720
2582,001040
2583,079160
2584,035760
2585,311690
2586,000120
2587,011150
2588,097950
2589,051500
2590,058820
2591,023460
2592,056730
2593,065770
2594,083660
2595,000590
2596,012030
2597,404950
2598,367340
2599,367360
2600,016610
2601,005830
2602,000990
2603,139130
2604,001530
2605,000210
2606,001880
2607,375500
2608,068790
2609,007340
2610,004840
2611,241520
2612,155660
2613,069730
2614,017940
2615,245620
2616,037370
2617,278990
2618,365550
2619,050120
2620,383220
2621,007700
2622,214270
2623,130500
2624,114090
2625,900290
2626,078930
2627,083450
2628,006360
2629,001250
2630,007070
2631,297890
2632,078150
2633,012630
2634,039570
2635,089470
2636,294870
2637,267250
2638,097230
2639,195940
2640,014790
2641,028300
2642,003580
2643,343090
2644,067630
2645,047920
2646,115450
2647,204320
2648,060980
2649,011200
2650,403870
2651,036640
2652,082740
2653,351340
2654,388790
2655,405350
2656,424760
2657,426550
2658,439730
2659,442770
2660,003560
2661,095340
2662,099520
2663,175330
2664,950170
2665,234080
2666,067290
2667,001060
2668,096760
2669,035900
2670,318000
2671,024840
2672,105560
2673,432320
2674,024120
2675,002380
2676,021320
2677,344820
2678,036670
2679,009070
2680,009440
2681,112190
2682,119650
2683,044180
2684,092220
2685,151860
2686,046440
2687,016380
2688,035600
2689,001390
2690,226360
2691,111870
2692,033180
2693,060720
2694,001940
2695,058400
2696,114450
2697,025000
2698,092230
2699,000040
2700,044450
2701,030200
2702,033780
2703,058850
2704,058860
2705,060370
2706,122450
2707,052900
2708,093050
2709,003550
2710,034220
2711,051900
2712,373220
2713,032640
2714,011070
2715,066570
2716,037560
2717,051910
2718,079550
2719,006260
2720,010120
2721,000680
2722,229640
2723,108320
2724,001120
2725,108670
2726,383800
2727,086960
2728,023150
2729,035420
2730,160550
2731,053290
2732,181710
2733,104200
2734,060250
2735,400760
2736,005940
2737,338100
2738,034310
2739,030190
2740,008260
2741,004250
2742,010060
2743,178920
2744,024940
2745,005490
2746,218410
2747,327260
2748,091340
2749,010950
2750,419530
2751,019550
2752,950110
2753,034120
2754,046140
2755,151910
2756,036120
2757,099220
2758,036540
2759,255220
2760,040610
2761,049470
2762,184230
2763,005090
2764,016250
2765,001380
2766,004060
2767,001770
2768,002360
2769,009160
2770,123700
2771,025530
2772,034730
2773,011790
2774,018670
2775,001740
2776,006120
2777,210980
2778,068400
2779,395400
2780,302440
2781,326030
2782,402340
2783,260870
2784,361610
2785,096770
2786,001510
2787,285130
2788,017670
2789,000660
2790,048550
2791,063440
2792,064960
2793,100840
2794,003570
2795,036530
2796,005610
2797,011810
2798,077970
2799,071970
2800,002820
2801,289080
2802,084870
2803,002710
2804,089230
2805,161570
2806,032540
2807,022220
2808,069260
2809,048770
2810,246690
2811,317240
2812,002900
2813,038340
2814,024070
2815,057030
2816,037270
2817,040300
2818,051390
2819,052220
2820,079940
2821,078890
2822,000500
2823,399720
2824,036620
2825,000860
2826,217730
2827,035250
2828,114190
2829,094480
2830,011420
2831,039240
2832,053950
2833,002100
2834,009450
2835,267290
2836,012320
2837,011040
2838,000050
2839,214390
2840,012610
2841,009140
2842,024910
2843,013580
2844,012200
2845,002140
2846,198440
2847,049720
2848,010130
2849,002240
2850,014570
2851,348150
2852,098460
2853,035290
2854,038530
2855,900280
2856,215000
2857,121440
2858,183410
2859,366030
2860,076340
2861,009290
2862,014200
2863,017040
2864,029480
2865,017900
2866,037710
2867,026910
2868,355150
2869,397880
2870,421800
2871,440790
2872,030610
2873,339770
2874,053270
2875,007690
2876,005320
2877,001140
2878,066620
2879,043650
2880,006050
2881,060480
2882,078130
2883,307750
2884,002720
2885,243870
2886,035080
2887,204020
2888,083420
2889,186230
2890,014530
2891,900070
2892,204620
2893,019660
2894,014280
2895,053260
2896,008870
2897,001570
2898,002990
2899,011780
2900,214330
2901,001210
2902,073240
2903,036190
2904,049080
2905,035460
2906,092440
2907,000270
2908,024110
2909,013700
2910,308100
2911,004540
2912,187790
2913,286750
2914,121600
2915,247660
2916,039860
2917,091970
2918,244880
2919,288490
2920,051490
2921,137080
2922,190510
2923,242040
2924,089600
2925,293580
2926,257990
2927,138610
2928,130580
2929,036800
2930,267320
2931,001260
2932,008350
2933,004270
2934,003920
2935,025860
2936,111710
2937,091590
2938,168330
2939,094860
2940,253590
2941,212560
2942,095660
2943,042420
2944,950220
2945,311390
2946,085910
2947,092730
2948,290660
2949,306620
2950,153460
2951,007390
2952,033640
2953,330860
2954,005720
2955,002350
2956,089140
2957,137940
2958,396270
2959,348210
2960,225570
2961,217270
2962,251270
2963,317860
2964,104620
2965,090350
2966,000320
2967,194700
2968,285490
2969,229500
2970,106520
2971,376930
2972,278650
2973,006280
2974,142280
2975,234690
2976,005250
2977,065560
2978,004370
2979,072710
2980,054050
2981,069140
2982,040160
2983,332290
2984,348340
2985,060260
2986,012340
2987,214870
2988,270870
2989,144960
2990,085670
2991,064260
2992,093640
2993,340360
2994,039560
2995,058730
2996,298870
2997,030210
2998,023590
2999,032190
3000,323350
3001,068240
3002,145210
3003,271850
3004,019680
3005,006370
3006,008060
3007,353200
3008,000490
3009,178600
3010,020400
3011,008830
3012,048470
3013,008110
3014,004780
3015,005750
3016,017650
3017,006570
3018,007720
3019,389260
3020,317850
3021,290670
3022,078140
3023,001680
3024,084690
3025,036480
3026,128820
3027,117580
3028,025440
3029,027830
3030,104040
3031,129920
3032,016710
3033,387310
3034,397500
3035,426670
3036,438220
3037,442310
3038,020180
3039,003540
3040,045390
3041,009190
3042,108380
3043,006580
3044,014160
3045,047040
3046,009320
3047,042660
3048,003090
3049,069620
3050,007680
3051,000430
3052,048910
3053,005710
3054,006340
3055,003220
3056,024890
3057,290380
3058,002880
3059,290120
3060,000300
3061,120240
3062,003310
3063,114920
3064,078600
3065,012800
3066,015230
3067,096350
3068,140520
3069,131220
3070,010170
3071,060900
3072,054670
3073,001070
3074,023910
3075,006650
3076,001440
3077,084010
3078,001790
3079,001130
3080,003490
3081,005880
3082,003830
3083,016090
3084,069460
3085,021040
3086,067080
3087,298540
3088,192080
3089,393890
3090,299170
3091,012510
3092,224060
3093,302920
3094,213420
3095,317330
3096,077360
3097,004830
3098,090410
3099,024900
3100,263600
3101,194480
3102,348840
3103,263800
3104,199150
3105,206560
3106,261200
3107,145720
3108,227420
3109,067990
3110,002150
3111,006620
3112,100130
3113,005160
3114,075970
3115,001230
3116,086450
3117,023450
3118,004140
3119,099410
3120,007590
3121,005960
3122,026960
3123,002210
3124,102260
3125,033500
3126,025950
3127,000640
3128,170900
3129,088130
3130,028100
3131,282690
3132,041930
3133,001520
3134,084670
3135,082640
3136,060380
3137,079960
3138,008970
3139,228340
3140,092780
3141,088910
3142,094170
3143,049770
3144,013120
3145,018500
3146,006040
3147,030720
3148,014820
3149,163560
3150,109860
3151,032960
3152,004890
3153,002690
3154,023790
3155,005290
3156,025900
3157,000020
3158,000150
3159,241560
3160,034020
3161,131970
3162,336260
3163,016740
3164,073190
3165,176750
3166,030350
3167,203650
3168,223250
3169,060570
3170,192650
3171,217620
3172,016670
3173,187870
3174,066670
3175,024090
3176,003160
3177,092200
3178,110990
3179,078590
3180,263690
3181,214680
3182,377190
3183,263720
3184,376300
3185,141020
3186,109740
3187,196490
3188,066900
3189,180400
3190,127120
3191,092070
3192,039840
3193,013570
3194,219550
3195,310870
3196,210540
3197,104460
3198,079810
3199,113810
3200,043360
3201,197140
3202,068930
3203,033130
3204,105740
3205,263020
3206,290550
3207,187220
3208,383930
3209,163430
3210,131180
3211,315640
3212,317120
3213,042510
3214,232680
3215,300120
3216,171120
3217,069540
3218,285770
3219,347700
3220,214260
3221,403360
3222,115390
3223,200350
3224,171010
3225,084650
3226,217500
3227,092590
3228,141080
3229,038390
3230,294140
3231,228670
3232,228850
3233,412350
3234,281740
3235,277810
3236,179720
3237,215100
3238,090360
3239,238500
3240,108490
3241,900260
3242,223220
3243,067730
3244,071280
3245,032350
3246,089860
3247,330590
3248,000400
3249,023530
3250,004000
3251,286940
3252,280360
3253,004990
3254,005300
3255,011170
3256,071840
3257,328130
3258,038060
3259,162120
3260,253610
3261,085370
3262,060240
3263,058470
3264,039980
3265,019570
3266,016100
3267,012700
3268,302550
3269,377450
3270,277070
3271,042500
3272,219420
3273,027740
3274,195500
3275,357430
3276,305090
3277,448780
3278,098120
3279,147760
3280,377480
3281,038290
3282,001080
3283,267980
3284,005990
3285,093520
3286,377030
3287,088980
3288,094800
3289,100590
3290,067280
3291,072870
3292,215200
3293,133750
3294,235980
3295,200580
3296,041920
3297,233250
3298,014100
3299,236340
3300,054180
3301,086900
3302,078160
3303,065650
3304,138040
3305,008560
3306,000060
3307,021880
3308,140410
3309,241770
3310,090370
3311,059210
3312,058110
3313,096640
3314,017180
3315,257370
3316,009900
3317,267060
3318,012690
3319,005360
3320,080420
3321,417970
3322,080160
3323,204210
3324,087260
3325,101330
3326,012860
3327,363260
3328,348030
3329,250060
3330,288980
3331,033200
3332,333050
3333,009680
3334,118990
3335,006920
3336,009580
3337,001810
3338,009200
3339,135160
3340,322970
3341,033920
3342,008420
3343,279600
3344,095500
3345,025560
3346,218150
3347,007120
3348,396690
3349,353490
3350,357250
3351,100790
3352,412930
3353,085620
3354,006800
3355,208890
3356,049950
3357,207760
3358,002840
3359,268280
3360,107590
3361,134380
3362,003650
3363,059090
3364,214610
3365,201490
3366,950190
3367,155900
3368,206640
3369,018700
3370,035620
3371,354390
3372,053030
3373,301300
3374,377740
3375,064550
3376,314930
3377,208710
3378,086820
3379,038460
3380,281310
3381,251120
3382,266470
3383,086040
3384,199290
3385,099430
3386,032980
3387,222160
3388,308080
3389,043150
3390,323990
3391,003610
3392,267790
3393,001340
3394,046310
3395,035150
3396,331520
3397,066410
3398,002410
3399,382900
3400,206400
3401,019010
3402,322190
3403,177350
3404,299910
3405,096300
3406,007210
3407,225530
3408,250000
3409,002760
3410,003850
3411,310210
3412,006910
3413,000890
3414,226340
3415,206950
3416,003000
3417,001270
3418,026940
3419,014470
3420,011390
3421,005030
3422,008470
3423,338220
3424,100120
3425,337930
3426,099390
3427,064480
3428,288330
3429,365900
3430,251630
3431,018290
3432,044480
3433,033560
3434,191600
3435,369370
3436,126340
3437,121800
3438,148140
3439,082800
3440,318410
3441,002070
3442,100220
3443,419540
3444,146320
3445,200780
3446,141000
3447,090460
3448,083650
3449,215050
3450,032790
3451,445360
3452,142760
3453,065170
3454,086220
3455,086670
3456,335890
3457,138580
3458,082920
3459,054220
3460,042370
3461,030790
3462,050090
3463,307870
3464,357880
3465,032850
3466,148780
3467,238200
3468,093190
3469,065450
3470,210120
3471,005180
3472,072950
3473,266170
3474,143240
3475,003960
3476,008040
3477,007160
3478,014710
3479,006090
3480,419120
3481,100090
3482,122350
3483,014970
3484,018310
3485,053700
3486,009620
3487,023600
3488,001470
3489,006400
3490,006660
3491,380320
3492,028260
3493,207940
3494,032830
3495,377630
3496,425290
3497,439250
3498,018260
3499,028050
3500,009150
3501,005930
3502,001360
3503,010140
3504,016360
3505,068290
3506,029780
3507,000810
3508,006110
3509,009300
3510,145990
3511,003230
3512,225190
3513,002170
3514,272550
3515,000070
3516,002810
3517,361670
3518,054540
3519,065570
3520,005680
3521,003720
3522,023000
3523,004380
3524,002450
3525,032280
3526,002290
3527,004440
3528,000520
3529,009770
3530,037460
3531,032750
3532,054090
3533,005500
3534,000250
3535,004690
3536,024950
3537,038500
3538,017480
3539,010960
3540,046390
3541,004450
3542,009470
3543,011230
3544,001820
3545,000390
3546,027580
3547,038540
3548,101000
3549,415580
3550,001290
3551,041650
3552,091580
3553,263810
3554,089980
3555,042940
3556,042600
3557,075180
3558,107600
3559,252990
3560,007540
3561,248170
3562,378800
3563,294630
3564,038070
3565,006730
3566,079650
3567,100660
3568,007860
3569,200880
3570,019770
3571,017390
3572,043710
3573,092190
3574,046890
3575,004410
3576,063170
3577,027040
3578,018680
3579,021050
3580,093920
3581,189860
3582,178320
3583,122690
3584,140070
3585,011370
3586,065710
3587,008490
3588,035890
3589,357550
3590,003100
3591,007610
3592,067370
3593,171090
3594,136490
3595,086710
3596,014620
3597,037350
3598,014910
3599,003080
3600,004980
3601,011300
3602,081580
3603,045300
3604,015750
3605,365340
3606,000180
3607,080470
3608,043260
3609,148150
3610,002420
3611,053060
3612,340440
3613,017510
3614,004360
3615,004490
3616,011560
3617,396300
3618,001430
3619,306200
3620,003030
3621,019440
3622,058650
3623,013000
3624,100700
3625,024830
3626,091090
3627,021820
3628,067830
3629,033530
3630,258830
3631,036630
3632,039310
3633,075580
3634,067770
3635,053450
3636,222810
3637,027970
3638,252500
3639,347000
3640,308170
3641,012600
3642,331920
3643,049180
3644,299660
3645,268600
3646,108860
3647,208370
3648,258250
3649,068270
3650,068760
3651,091990
3652,068940
3653,060230
3654,290690
3655,950200
3656,032680
3657,258790
3658,066910
3659,043100
3660,336370
3661,154040
3662,248070
3663,035610
3664,357780
3665,036830
3666,304100
3667,328380
3668,004430
3669,086980
3670,050960
3671,126720
3672,017550
3673,084180
3674,253840
3675,185190
3676,236200
3677,317770
3678,094840
3679,192440
3680,136510
3681,099440
3682,053210
3683,033790
3684,276040
3685,159910
3686,115570
3687,330730
3688,253450
3689,204630
3690,026890
3691,013810
3692,049830
3693,020710
3694,033170
3695,048870
3696,025320
3697,134790
3698,269620
3699,131090
3700,232830
3701,139050
3702,016590
3703,290520
3704,029530
3705,004970
3706,001000
3707,025870
3708,215600
3709,065350
3710,011930
3711,005390
3712,004170
3713,035510
3714,034300
3715,031430
3716,031440
3717,006880
3718,162300
3719,002800
3720,344050
3721,419270
3722,430220
3723,445970
3724,005800
3725,001720
3726,009270
3727,017000
3728,002700
3729,012790
3730,138070
3731,226330
3732,002870
3733,019170
3734,404990
3735,293940
3736,418210
3737,366330
3738,393360
3739,405640
3740,055550
3741,056700
3742,187270
3743,004080
3744,243840
3745,257720
3746,222800
3747,036710
3748,160980
3749,356890
3750,217330
3751,102280
3752,003410
3753,010280
3754,003620
3755,004770
3756,217320
3757,208640
3758,222420
3759,037760
3760,099320
3761,015540
3762,049960
3763,403550
3764,050890
3765,066790
3766,222080
3767,004920
3768,236030
3769,103660
3770,352480
3771,245450
3772,264660
3773,352700
3774,297090
3775,112610
3776,359090
3777,286000
3778,115530
3779,115480
3780,376290
3781,189330
3782,096530
3783,900120
3784,101240
3785,060590
3786,260930
3787,013990
3788,123860
3789,025980
3790,008700
3791,058220
3792,125210
3793,002790
3794,090430
3795,357580
3796,052710
3797,074430
3798,092040
3799,083930
3800,149950
3801,036010
3802,002030
3803,183190
3804,002310
3805,050860
3806,012170
3807,136410
3808,246720
3809,067390
3810,159010
3811,127710
3812,267850
3813,020560
3814,154030
3815,227610
3816,143160
3817,054800
3818,332370
3819,122900
3820,339950
3821,099190
3822,289010
3823,214430
3824,040910
3825,368600
3826,052860
3827,010780
3828,069920
3829,038880
3830,307180
3831,101390
3832,447690
3833,078860
3834,090150
3835,123010
3836,031310
3837,185490
3838,059100
3839,149010
3840,262840
3841,175250
3842,052460
3843,119830
3844,052770
3845,124500
3846,372800
3847,084850
3848,114840
3849,027360
3850,139990
3851,032080
3852,013310
3853,059120
3854,158430
3855,149300
3856,067160
3857,102950
3858,001540
3859,053800
3860,251280
3861,065660
3862,297570
3863,001780
3864,260660
3865,361570
3866,131370
3867,140670
3868,096610
3869,061040
3870,148250
3871,347860
3872,196170
3873,123750
3874,085810
3875,117670
3876,314140
3877,291650
3878,293780
3879,267810
3880,018250
3881,161000
3882,390110
3883,196300
3884,310200
3885,179530
3886,900100
3887,205500
3888,052790
3889,290740
3890,238090
3891,092600
3892,129890
3893,174900
3894,255440
3895,030960
3896,073570
3897,102120
3898,263540
3899,238120
3900,224810
3901,019990
3902,011090
3903,270660
3904,038680
3905,137310
3906,217480
3907,121890
3908,097780
3909,389500
3910,042110
3911,298060
3912,065420
3913,270210
3914,103230
3915,260970
3916,101490
3917,095910
3918,275630
3919,031330
3920,060540
3921,351320
3922,056190
3923,080000
3924,005850
3925,214310
3926,246250
3927,258540
3928,041510
3929,010580
3930,299670
3931,007820
3932,109610
3933,012750
3934,306040
3935,217910
3936,224020
3937,408920
3938,435870
3939,096630
3940,069510
3941,041910
3942,234300
3943,039440
3944,098660
3945,052020
3946,237690
3947,050760
3948,288620
3949,317830
3950,058610
3951,043340
3952,023960
3953,298690
3954,187660
3955,054630
3956,200710
3957,096690
3958,140910
3959,078520
3960,298380
3961,203400
3962,195990
3963,003800
3964,088800
3965,241840
3966,311960
3967,312610
3968,015260
3969,234070
3970,072990
3971,227100
3972,044990
3973,239610
3974,353070
3975,353060
3976,148930
3977,044780
3978,357230
3979,071670
3980,045660
3981,224110
3982,230980
3983,021080
3984,089530
3985,200470
3986,207490
3987,262260
3988,007460
3989,109960
3990,003060
3991,397030
3992,244920
3993,089970
3994,230240
3995,230360
3996,038870
3997,128540
3998,086520
3999,247540
4000,383310
4001,038110
4002,073540
4003,064850
4004,064090
4005,036810
4006,173940
4007,083500
4008,054940
4009,043090
4010,950130
4011,205100
4012,070300
4013,092870
4014,317870
4015,067570
4016,236810
4017,140610
4018,333620
4019,101400
4020,036570
4021,031860
4022,238170
4023,224760
4024,380440
4025,391060
4026,396770
4027,422040
4028,437780
4029,438580
4030,439410
4031,440820
4032,265740
4033,354200
4034,419080
4035,093510
4036,208860
4037,183490
4038,085310
4039,182400
4040,348370
4041,069410
4042,227950
4043,291230
4044,198080
4045,048830
4046,096870
4047,276240
4048,900140
4049,376190
4050,061970
4051,138690
4052,290650
4053,066970
4054,156100
4055,311060
4056,073110
4057,083310
4058,037950
4059,170920
4060,058630
4061,058970
4062,019590
4063,169330
4064,097520
4065,179290
4066,009780
4067,123040
4068,323230
4069,033160
4070,347890
4071,033310
4072,259630
4073,065150
4074,050540
4075,115960
4076,060850
4077,014440
4078,007530
4079,143540
4080,111770
4081,009970
4082,003520
4083,112290
4084,000670
4085,036560
4086,006740
4087,012280
4088,265560
4089,012160
4090,036000
4091,250930
4092,053280
4093,015360
4094,122640
4095,900300
4096,045060
4097,080520
4098,007310
4099,039830
4100,322310
4101,046120
4102,014940
4103,002630
4104,065500
4105,271560
4106,001800
4107,010470
4108,352910
4109,053980
4110,052420
4111,241790
4112,039200
4113,226400
4114,031510
4115,048260
4116,368970
4117,138080
4118,080580
4119,067170
4120,353590
4121,173130
4122,049480
4123,394280
4124,309930
4125,244460
4126,226950
4127,057540
4128,131030
4129,082210
4130,109080
4131,380540
4132,153710
4133,321820
4134,122990
4135,232140
4136,065530
4137,067900
4138,155650
4139,273640
4140,251370
4141,066430
4142,193250
4143,273060
4144,019210
4145,122870
4146,011690
4147,332570
4148,079000
4149,070960
4150,316140
4151,032820
4152,041190
4153,115440
4154,046970
4155,082850
4156,215360
4157,072470
4158,073560
4159,037400
4160,153490
4161,010050
4162,101170
4163,006980
4164,066590
4165,017370
4166,103840
4167,046940
4168,215380
4169,065680
4170,105840
4171,018620
4172,010400
4173,049800
4174,016880
4175,095720
4176,005820
4177,307280
4178,053080
4179,032940
4180,240810
4181,074600
4182,104830
4183,014190
4184,217820
4185,030530
4186,012620
4187,382840
4188,336570
4189,376980
4190,122830
4191,008370
4192,008290
4193,101160
4194,336060
4195,095270
4196,010600
4197,065950
4198,076080
4199,196700
4200,069080
4201,053580
4202,071460
4203,377460
4204,044340
4205,330350
4206,348350
4207,112040
4208,101730
4209,123420
4210,065370
4211,140660
4212,038620
4213,299900
4214,036090
4215,136540
4216,320000
4217,097800
4218,192390
4219,313760
4220,008600
4221,335870
4222,900340
4223,033270
4224,064510
4225,014830
4226,446070
4227,036200
4228,018000
4229,000910
4230,047400
4231,203450
4232,011330
4233,077500
4234,011320
4235,086390
4236,241690
4237,142210
4238,121060
4239,048430
4240,206650
4241,089850
4242,084440
4243,032620
4244,264450
4245,078070
4246,002920
4247,024800
4248,000700
4249,054930
4250,069330
4251,049520
4252,435380
4253,367480
4254,430700
4255,003470
4256,263770
4257,337840
4258,072130
4259,000220
4260,388720
4261,340930
4262,023410
4263,056080
4264,373340
4265,388800
4266,413630
4267,442130
4268,084370
4269,001200
4270,178780
4271,221800
4272,179900
4273,263050
4274,000100
4275,003460
4276,191410
4277,372170
4278,008730
4279,072770
4280,008250
4281,039020
4282,025820
4283,067920
4284,044960
4285,303530
4286,296640
4287,302430
4288,279060
4289,214320
4290,056090
4291,073490
4292,215790
4293,344860
4294,246960
4295,088390
4296,272290
4297,053350
4298,041520
4299,264850
4300,054210
4301,164060
4302,065440
4303,088260
4304,139480
4305,115610
4306,078020
4307,131400
4308,208850
4309,351330
4310,080010
4311,379390
4312,086890
4313,007660
4314,005950
4315,015020
4316,047560
4317,900110
4318,067010
4319,093230
4320,341310
4321,101360
4322,102710
4323,066980
4324,074610
4325,063760
4326,123570
4327,083470
4328,095190
4329,091120
4330,232530
4331,102460
4332,039030
4333,294090
4334,088290
4335,084680
4336,181340
4337,353810
4338,350520
4339,334890
4340,099750
4341,377330
4342,035810
4343,160600
4344,092130
4345,096040
4346,134060
4347,001840
4348,000760
4349,024810
4350,014990
4351,041830
4352,352940
4353,101140
4354,216400
4355,079950
4356,389470
4357,277410
4358,060150
4359,033230
4360,006490
4361,037330
4362,100030
4363,023800
4364,034590
4365,211050
4366,083640
4367,216050
4368,049070
4369,119610
4370,017250
4371,129260
4372,051370
4373,064290
4374,189300
4375,150840
4376,048530
4377,023810
4378,175140
4379,115310
4380,039290
4381,071200
4382,101930
4383,249420
4384,000230
4385,013360
4386,003120
4387,333430
4388,068330
4389,003200
4390,007110
4391,058450
4392,007570
4393,008500
4394,019540
4395,081000
4396,020760
4397,020150
4398,103590
4399,094820
4400,271940
4401,015860
4402,226320
4403,950140
4404,049550
4405,254120
4406,043910
4407,234920
4408,289220
4409,317400
4410,033240
4411,174880
4412,049630
4413,417840
4414,000950
4415,110020
4416,208140
4417,040420
4418,045510
4419,217190
4420,095700
4421,072520
4422,122310
4423,361390
4424,066830
4425,187420
4426,225220
4427,123330
4428,159580
4429,147830
4430,033100
4431,079370
4432,054950
4433,023440
4434,090470
4435,287410
4436,137950
4437,033320
4438,417500
4439,348950
4440,204270
4441,194370
4442,026040
4443,126880
4444,322510
4445,254160
4446,033050
4447,094970
4448,058420
4449,025620
4450,089790
4451,030000
4452,052670
4453,271980
4454,001560
4455,199820
4456,038010
4457,002620
4458,276730
4459,080220
4460,006220
4461,089590
4462,216080
4463,229000
4464,248020
4465,082270
4466,064800
4467,044060
4468,004910
4469,004700
4470,001550
4471,000480
4472,120030
4473,034940
4474,067000
4475,018470
4476,002600
4477,185750
4478,063160
4479,001630
4480,033340
4481,036930
4482,044380
4483,239340
4484,051980
4485,072020
4486,000440
4487,078650
4488,228760
4489,314130
4490,013890
4491,389030
4492,043610
4493,263860
4494,303030
4495,036180
4496,208350
4497,144510
4498,382480
4499,382800
4500,299480
4501,051160
4502,053050
4503,388610
4504,119850
4505,270520
4506,065060
4507,204840
4508,013870
4509,071320
4510,311320
4511,035000
4512,388050
4513,219750
4514,088790
4515,018120
4516,109820
4517,086060
4518,036890
4519,363250
4520,003780
4521,007370
4522,010640
4523,100250
4524,051630
4525,272450
4526,011000
4527,250030
4528,002780
4529,233990
4530,085660
4531,261780
4532,009310
4533,094850
4534,004650
4535,278280
4536,000650
4537,140290
4538,362320
4539,066360
4540,033250
4541,047820
4542,131100
4543,052300
4544,118000
4545,094360
4546,016790
4547,016920
4548,284620
4549,446600
4550,035720
4551,293490
4552,323410
4553,377300
4554,042000
4555,006380
4556,317530
4557,071850
4558,050110
4559,119860
4560,223310
4561,109070
4562,900310
4563,078340
4564,063080
4565,307930
4566,079190
4567,263700
4568,214370
4569,221980
4570,001620
4571,424140
4572,436530
4573,440200
4574,192250
4575,029460
4576,115500
4577,281820
4578,089150
4579,025880
4580,093320
4581,073010
4582,105330
4583,272110
4584,039420
4585,083550
4586,032500
4587,225430
4588,102370
4589,381970
4590,145270
4591,036030
4592,064820
4593,256940
4594,024880
4595,042040
4596,054410
4597,258610
4598,274090
4599,402420
4600,089010
4601,220260
4602,176590
4603,052400
4604,402030
4605,391710
4606,046070
4607,047770
4608,078940
4609,080530
4610,417310
4611,357120
4612,104540
4613,027050
4614,007810
4615,190650
4616,123410
4617,003690
4618,036690
4619,049430
4620,183300
4621,041960
4622,089890
4623,009730
4624,189350
4625,082660
4626,192820
4627,044820
4628,222040
4629,241710
4630,005070
4631,005420
4632,069110
4633,169670
4634,071950
4635,166480
4636,045970
4637,196450
4638,029960
4639,002020
4640,003070
4641,102940
4642,120110
4643,950160
4644,138490
4645,056000
4646,021240
4647,033290
4648,056360
4649,282880
4650,121850
4651,015710
4652,052330
4653,322780
4654,036420
4655,200130
4656,031820
4657,294570
4658,192400
4659,284740
4660,317690
4661,365270
4662,086460
4663,060280
4664,015590
4665,040350
4666,051780
4667,115180
4668,182360
4669,405100
4670,066310
4671,136660
4672,016600
4673,264900
4674,005740
4675,259960
4676,096240
4677,215570
4678,043590
4679,114120
4680,110790
4681,900250
4682,083790
4683,045520
4684,036170
4685,214150
4686,352770
4687,237880
4688,139670
4689,020120
4690,413600
4691,433530
4692,039490
4693,054780
4694,336040
4695,219130
4696,346010
4697,318660
4698,434190
4699,360070
4700,180060
4701,065130
4702,134580
4703,014580
4704,015890
4705,006890
4706,023160
4707,003240
4708,011280
4709,323280
4710,053620
4711,004100
4712,116100
4713,009410
4714,044490
4715,124560
4716,001420
4717,007980
4718,191420
4719,073640
4720,066700
4721,095610
4722,055490
4723,308700
4724,064520
4725,089030
4726,258050
4727,054450
4728,091440
4729,078000
4730,200230
4731,214420
4732,393210
4733,215480
4734,051360
4735,045340
4736,108230
4737,079970
4738,199800
4739,105550
4740,290090
4741,026150
4742,322180
4743,117730
4744,033830
4745,057680
4746,204610
4747,064760
4748,246710
4749,340570
4750,043220
4751,277880
4752,131290
4753,019180
4754,425420
4755,356860
4756,062860
4757,413300
4758,363280
4759,321550
4760,091810
4761,004870
4762,104480
4763,081150
4764,130740
4765,217880
4766,084730
4767,046210
4768,058530
4769,034230
4770,033540
4771,043200
4772,214450
4773,217950
4774,208340
4775,005690
4776,177830
4777,037070
4778,150900
4779,037030
4780,047310
4781,266870
4782,368770
4783,170790
4784,049120
4785,038950
4786,441270
4787,106240
4788,131760
4789,065690
4790,140860
4791,091700
4792,202960
4793,032800
4794,318010
4795,036580
4796,027710
4797,004720
4798,225590
4799,054300
4800,068050
4801,028670
4802,222110
4803,010820
4804,016800
4805,263750
4806,251970
4807,001020
4808,327610
4809,168360
4810,087010
4811,090080
4812,010770
4813,119500
4814,389140
4815,022100
4816,058430
4817,009520
4818,047050
4819,003670
4820,189690
4821,318020
4822,256630
4823,331380
4824,234100
4825,041020
4826,114630
4827,290720
4828,005670
4829,094940
4830,007330
4831,017810
4832,093380
4833,023900
4834,103140
4835,005810
4836,371950
4837,370090
4838,341170
4839,220100
4840,035200
4841,334970
4842,950210
4843,203690
4844,321260
4845,303360
4846,053610
4847,377220
4848,335810
4849,053160
4850,405000
4851,041590
4852,367000
4853,075130
4854,222670
4855,009810
4856,237820
4857,023770
4858,300080
4859,150440
4860,032580
4861,051380
4862,241820
4863,237750
4864,024850
4865,319660
4866,031980
4867,002230
4868,057880
4869,043370
4870,242350
4871,239890
4872,347740
4873,137400
4874,128660
4875,006140
4876,376180
4877,304840
4878,062970
4879,087600
4880,291810
4881,161580
4882,347770
4883,163730
4884,417180
4885,343510
4886,388220
4887,400560
4888,406760
4889,418170
4890,427950
4891,430230
4892,435620
4893,086790
4894,299030
4895,067310
4896,372290
4897,166090
4898,293480
4899,039130
4900,136480
4901,003380
4902,101670
4903,365590
4904,149980
4905,013030
4906,352820
4907,126700
4908,106080
4909,071090
4910,377400
4911,400840
4912,221840
4913,106190
4914,019490
4915,000080
4916,000140
4917,373200
4918,066130
4919,152550
4920,004590
4921,036460
4922,039340
4923,005430
4924,071050
4925,034950
4926,010040
4927,025540
4928,222980
4929,331660
4930,256840
4931,004090
4932,025550
4933,002200
4934,002960
4935,017890
4936,000240
4937,080720
4938,123890
4939,015760
4940,063570
4941,041460
4942,006200
4943,101680
4944,039740
4945,053300
4946,025770
4947,409570
4948,436610
4949,009540
4950,023350
4951,025890
4952,000970
4953,104700
4954,017960
4955,023760
4956,054040
4957,161890
4958,024720
4959,021650
4960,161390
4961,053590
4962,034830
4963,007280
4964,032300
4965,168490
4966,037230
4967,010100
4968,047810
4969,123690
4970,003350
4971,030520
4972,052600
4973,011500
4974,002390
4975,256150
4976,092460
4977,053690
4978,042700
4979,008930
4980,128940
4981,047080
4982,009240
4983,020000
4984,003680
4985,105630
4986,069640
4987,016450
4988,010420
4989,009180
4990,114810
4991,070590
4992,213500
4993,014680
4994,004710
4995,004150
4996,025750
4997,226440
4998,042520
4999,004960
5000,011700
5001,078350
5002,045100
5003,001750
5004,018880
5005,009420
5006,014130
5007,024740
5008,005860
5009,300720
5010,123840
5011,002220
5012,006390
5013,003300
5014,007770
5015,051600
5016,052690
5017,130660
5018,107640
5019,002320
5020,003480
5021,180640
5022,005110
5023,079170
5024,009460
5025,372910
5026,054920
5027,002680
5028,000880
5029,088350
5030,000370
5031,009830
5032,272210
5033,012450
5034,003530
5035,386580
5036,430460
5037,195870
5038,034810
5039,076610
5040,059270
5041,101530
5042,220180
5043,143210
5044,900270
5045,214180
5046,234340
5047,084990
5048,000720
5049,267270
5050,170030
5051,005440
5052,086280
5053,042670
5054,064350
5055,079430
5056,012330
5057,319400
5058,010620
5059,048410
5060,052260
5061,069960
5062,004560
5063,004310
5064,322000
5065,041440
5066,039010
5067,017800
5068,307950
5069,011210
5070,090850
5071,267260
5072,004020
5073,329180
5074,005380
5075,001500
5076,011760
5077,227840
5078,126560
5079,001450
5080,057050
5081,092300
5082,138360
5083,011080
5084,093240
5085,003010
5086,111110
5087,008770
5088,060560
5089,064240
5090,039610
5091,002460
5092,378850
5093,241590
5094,006060
5095,013520
5096,010690
5097,126640
5098,133820
5099,061250
5100,010660
5101,000850
5102,016580
5103,032560
5104,004800
5105,094280
5106,097870
5107,298040
5108,298050
5109,298020
5110,298000
5111,093370
5112,081660
5113,290270
5114,005870
5115,353190
5116,192410
5117,090710
5118,205470
5119,115160
5120,028080
5121,032860
5122,200670
5123,212310
5124,079980
5125,065510
5126,215090
5127,005010
5128,263920
5129,243070
5130,084110
5131,145020
5132,024060
5133,010240
5134,189980
5135,000540
5136,003280
5137,037440
5138,238490
5139,네이버
5140,씨제이
5141,넥슨