,name,code
0,3S,60310
1,AJ네트웍스,95570
2,AK홀딩스,6840
3,APS홀딩스,54620
4,AP시스템,265520
5,AP위성,211270
6,BGF,27410
7,BGF리테일,282330
8,BGF에코머티리얼즈,126600
9,BNK금융지주,138930
10,BYC,1460
11,CBI,13720
12,CJ,1040
13,CJ CGV,79160
14,CJ ENM,35760
15,CJ 바이오사이언스,311690
16,CJ대한통운,120
17,CJ씨푸드,11150
18,CJ제일제당,97950
19,CJ프레시웨이,51500
20,CMG제약,58820
21,CNH,23460
22,CNT85,56730
23,CS,65770
24,CSA 코스믹,83660
25,CS홀딩스,590
26,DB,12030
27,DB금융스팩10호,404950
28,DB금융스팩8호,367340
29,DB금융스팩9호,367360
30,DB금융투자,16610
31,DB손해보험,5830
32,DB하이텍,990
33,DGB금융지주,139130
34,DI동일,1530
35,DL,210
36,DL건설,1880
37,DL이앤씨,375500
38,DMS,68790
39,DN오토모티브,7340
40,DRB동일,4840
41,DSC인베스트먼트,241520
42,DSR,155660
43,DSR제강,69730
44,E1,17940
45,EDGC,245620
46,EG,37370
47,EMB,278990
48,ESR켄달스퀘어리츠,365550
49,ES큐브,50120
50,F&F,383220
51,F&F홀딩스,7700
52,FSN,214270
53,GH신소재,130500
54,GKL,114090
55,GRT,900290
56,GS,78930
57,GST,83450
58,GS건설,6360
59,GS글로벌,1250
60,GS리테일,7070
61,HB솔루션,297890
62,HB테크놀러지,78150
63,HDC,12630
64,HDC랩스,39570
65,HDC현대EP,89470
66,HDC현대산업개발,294870
67,HD현대,267250
68,HJ중공업,97230
69,HK이노엔,195940
70,HL D&I,14790
71,HLB,28300
72,HLB글로벌,3580
73,HLB사이언스,343090
74,HLB생명과학,67630
75,HLB제약,47920
76,HLB테라퓨틱스,115450
77,HL만도,204320
78,HL홀딩스,60980
79,HMM,11200
80,HPSP,403870
81,HRS,36640
82,HSD엔진,82740
83,IBKS제13호스팩,351340
84,IBKS제16호스팩,388790
85,IBKS제17호스팩,405350
86,IBKS제18호스팩,424760
87,IBKS제19호스팩,426550
88,IBKS제20호스팩,439730
89,IBKS제21호스팩,442770
90,IHQ,3560
91,ISC,95340
92,ITX-AI,99520
93,JB금융지주,175330
94,JTC,950170
95,JW생명과학,234080
96,JW신약,67290
97,JW중외제약,1060
98,JW홀딩스,96760
99,JYP Ent.,35900
100,KBG,318000
101,KBI메탈,24840
102,KB금융,105560
103,KB스타리츠,432320
104,KB오토시스,24120
105,KCC,2380
106,KCC건설,21320
107,KCC글라스,344820
108,KCI,36670
109,KCTC,9070
110,KC그린홀딩스,9440
111,KC산업,112190
112,KC코트렐,119650
113,KD,44180
114,KEC,92220
115,KG ETS,151860
116,KG모빌리언스,46440
117,KG스틸,16380
118,KG이니시스,35600
119,KG케미칼,1390
120,KH 건설,226360
121,KH 전자,111870
122,KH 필룩스,33180
123,KH바텍,60720
124,KISCO홀딩스,1940
125,KNN,58400
126,KPX생명과학,114450
127,KPX케미칼,25000
128,KPX홀딩스,92230
129,KR모터스,40
130,KSS해운,44450
131,KT,30200
132,KT&G,33780
133,KTcs,58850
134,KTis,58860
135,KT서브마린,60370
136,KX,122450
137,KX하이텍,52900
138,LF,93050
139,LG,3550
140,LG디스플레이,34220
141,LG생활건강,51900
142,LG에너지솔루션,373220
143,LG유플러스,32640
144,LG이노텍,11070
145,LG전자,66570
146,LG헬로비전,37560
147,LG화학,51910
148,LIG넥스원,79550
149,LS,6260
150,LS ELECTRIC,10120
151,LS네트웍스,680
152,LS전선아시아,229640
153,LX세미콘,108320
154,LX인터내셔널,1120
155,LX하우시스,108670
156,LX홀딩스,383800
157,MDS테크,86960
158,MH에탄올,23150
159,NAVER,35420
160,NEW,160550
161,NE능률,53290
162,NHN,181710
163,NHN벅스,104200
164,NHN한국사이버결제,60250
165,NH올원리츠,400760
166,NH투자증권,5940
167,NH프라임리츠,338100
168,NICE,34310
169,NICE평가정보,30190
170,NI스틸,8260
171,NPC,4250
172,OCI,10060
173,PI첨단소재,178920
174,PN풍년,24940
175,POSCO홀딩스,5490
176,RFHIC,218410
177,RF머트리얼즈,327260
178,S&K폴리텍,91340
179,S-Oil,10950
180,SAMG엔터,419530
181,SBI인베스트먼트,19550
182,SBI핀테크솔루션즈,950110
183,SBS,34120
184,SBS콘텐츠허브,46140
185,SBW생명과학,151910
186,SCI평가정보,36120
187,SDN,99220
188,SFA반도체,36540
189,SG,255220
190,SG&G,40610
191,SGA,49470
192,SGA솔루션즈,184230
193,SGC에너지,5090
194,SGC이테크건설,16250
195,SG글로벌,1380
196,SG세계물산,4060
197,SHD,1770
198,SH에너지화학,2360
199,SIMPAC,9160
200,SJM,123700
201,SJM홀딩스,25530
202,SK,34730
203,SKC,11790
204,SK가스,18670
205,SK네트웍스,1740
206,SK디스커버리,6120
207,SK디앤디,210980
208,SK렌터카,68400
209,SK리츠,395400
210,SK바이오사이언스,302440
211,SK바이오팜,326030
212,SK스퀘어,402340
213,SK시그넷,260870
214,SK아이이테크놀로지,361610
215,SK이노베이션,96770
216,SK증권,1510
217,SK케미칼,285130
218,SK텔레콤,17670
219,SK하이닉스,660
220,SM C&C,48550
221,SM Life Design,63440
222,SNT모티브,64960
223,SNT에너지,100840
224,SNT중공업,3570
225,SNT홀딩스,36530
226,SPC삼립,5610
227,STX,11810
228,STX엔진,77970
229,STX중공업,71970
230,SUN&L,2820
231,SV인베스트먼트,289080
232,TBH글로벌,84870
233,TCC스틸,2710
234,THE E&M,89230
235,THE MIDONG,161570
236,TJ미디어,32540
237,TKG애강,22220
238,TKG휴켐스,69260
239,TPC,48770
240,TS인베스트먼트,246690
241,TS트릴리온,317240
242,TYM,2900
243,UCI,38340
244,WISCOM,24070
245,YBM넷,57030
246,YG PLUS,37270
247,YTN,40300
248,YW,51390
249,iMBC,52220
250,가비아,79940
251,가온미디어,78890
252,가온전선,500
253,가온칩스,399720
254,감성코퍼레이션,36620
255,강남제비스코,860
256,강스템바이오텍,217730
257,강원랜드,35250
258,강원에너지,114190
259,갤럭시아머니트리,94480
260,갤럭시아에스엠,11420
261,경남스틸,39240
262,경남제약,53950
263,경농,2100
264,경동나비엔,9450
265,경동도시가스,267290
266,경동인베스트,12320
267,경동제약,11040
268,경방,50
269,경보제약,214390
270,경인양행,12610
271,경인전자,9140
272,경창산업,24910
273,계룡건설,13580
274,계양전기,12200
275,고려산업,2140
276,고려시멘트,198440
277,고려신용정보,49720
278,고려아연,10130
279,고려제강,2240
280,고려제약,14570
281,고바이오랩,348150
282,고영,98460
283,골드앤에스,35290
284,골드퍼시픽,38530
285,골든센츄리,900280
286,골프존,215000
287,골프존뉴딘홀딩스,121440
288,골프존데카,183410
289,공구우먼,366030
290,관악산업,76340
291,광동제약,9290
292,광림,14200
293,광명전기,17040
294,광무,29480
295,광전자,17900
296,광주신세계,37710
297,광진실업,26910
298,교보10호스팩,355150
299,교보11호스팩,397880
300,교보12호스팩,421800
301,교보13호스팩,440790
302,교보증권,30610
303,교촌에프앤비,339770
304,구영테크,53270
305,국도화학,7690
306,국동,5320
307,국보,1140
308,국보디자인,66620
309,국순당,43650
310,국영지앤엠,6050
311,국일신동,60480
312,국일제지,78130
313,국전약품,307750
314,국제약품,2720
315,굿센,243870
316,그래디언트,35080
317,그리티,204020
318,그린케미칼,83420
319,그린플러스,186230
320,극동유화,14530
321,글로벌에스엠,900070
322,글로벌텍스프리,204620
323,글로본,19660
324,금강공업,14280
325,금강철강,53260
326,금비,8870
327,금양,1570
328,금호건설,2990
329,금호석유,11780
330,금호에이치티,214330
331,금호전기,1210
332,금호타이어,73240
333,금화피에스시,36190
334,기가레인,49080
335,기산텔레콤,35460
336,기신정기,92440
337,기아,270
338,기업은행,24110
339,까뮤이앤씨,13700
340,까스텔바작,308100
341,깨끗한나라,4540
342,나노,187790
343,나노브릭,286750
344,나노신소재,121600
345,나노씨엠에스,247660
346,나노엔텍,39860
347,나노캠텍,91970
348,나눔테크,244880
349,나라소프트,288490
350,나라엠앤디,51490
351,나래나노텍,137080
352,나무가,190510
353,나무기술,242040
354,나스미디어,89600
355,나우IB,293580
356,나우코스,257990
357,나이벡,138610
358,나이스디앤비,130580
359,나이스정보통신,36800
360,나인테크,267320
361,남광토건,1260
362,남선알미늄,8350
363,남성,4270
364,남양유업,3920
365,남해화학,25860
366,남화산업,111710
367,남화토건,91590
368,내츄럴엔도텍,168330
369,네오리진,94860
370,네오셈,253590
371,네오오토,212560
372,네오위즈,95660
373,네오위즈홀딩스,42420
374,네오이뮨텍,950220
375,네오크레마,311390
376,네오티스,85910
377,네오팜,92730
378,네오펙트,290660
379,네온테크,306620
380,네이블,153460
381,네이처셀,7390
382,네패스,33640
383,네패스아크,330860
384,넥센,5720
385,넥센타이어,2350
386,넥스턴바이오,89140
387,넥스트아이,137940
388,넥스트칩,396270
389,넥스틴,348210
390,넥슨게임즈,225570
391,넵튠,217270
392,넷마블,251270
393,노드메이슨,317860
394,노랑풍선,104620
395,노루페인트,90350
396,노루홀딩스,320
397,노바렉스,194700
398,노바텍,285490
399,노브메타파마,229500
400,노블엠앤비,106520
401,노을,376930
402,노터스,278650
403,녹십자,6280
404,녹십자엠에스,142280
405,녹십자웰빙,234690
406,녹십자홀딩스,5250
407,녹원씨엔아이,65560
408,농심,4370
409,농심홀딩스,72710
410,농우바이오,54050
411,누리플랜,69140
412,누리플렉스,40160
413,누보,332290
414,뉴로메카,348340
415,뉴보텍,60260
416,뉴인텍,12340
417,뉴지랩파마,214870
418,뉴트리,270870
419,뉴파워프라즈마,144960
420,뉴프렉스,85670
421,다날,64260
422,다믈멀티미디어,93640
423,다보링크,340360
424,다산네트웍스,39560
425,다스코,58730
426,다올인베스트먼트,298870
427,다올투자증권,30210
428,다우기술,23590
429,다우데이타,32190
430,다원넥스뷰,323350
431,다원시스,68240
432,다이나믹디자인,145210
433,다이오진,271850
434,대교,19680
435,대구백화점,6370
436,대덕,8060
437,대덕전자,353200
438,대동,490
439,대동고려삼,178600
440,대동금속,20400
441,대동기어,8830
442,대동스틸,48470
443,대동전자,8110
444,대륙제관,4780
445,대림B&Co,5750
446,대림제지,17650
447,대림통상,6570
448,대명소노시즌,7720
449,대명에너지,389260
450,대모,317850
451,대보마그네틱,290670
452,대봉엘에스,78140
453,대상,1680
454,대상홀딩스,84690
455,대성미생물,36480
456,대성산업,128820
457,대성에너지,117580
458,대성엘텍,25440
459,대성창투,27830
460,대성파인텍,104040
461,대성하이텍,129920
462,대성홀딩스,16710
463,대신밸런스제10호스팩,387310
464,대신밸런스제11호스팩,397500
465,대신밸런스제12호스팩,426670
466,대신밸런스제13호스팩,438220
467,대신밸런스제14호스팩,442310
468,대신정보통신,20180
469,대신증권,3540
470,대아티아이,45390
471,대양금속,9190
472,대양전기공업,108380
473,대양제지,6580
474,대영포장,14160
475,대우건설,47040
476,대우부품,9320
477,대우조선해양,42660
478,대웅,3090
479,대웅제약,69620
480,대원,7680
481,대원강업,430
482,대원미디어,48910
483,대원산업,5710
484,대원전선,6340
485,대원제약,3220
486,대원화성,24890
487,대유,290380
488,대유에이텍,2880
489,대유에이피,290120
490,대유플러스,300
491,대정화금,120240
492,대주산업,3310
493,대주이엔티,114920
494,대주전자재료,78600
495,대창,12800
496,대창단조,15230
497,대창솔루션,96350
498,대창스틸,140520
499,대한과학,131220
500,대한광통신,10170
501,대한그린파워,60900
502,대한뉴팜,54670
503,대한방직,1070
504,대한약품,23910
505,대한유화,6650
506,대한전선,1440
507,대한제강,84010
508,대한제당,1790
509,대한제분,1130
510,대한항공,3490
511,대한해운,5880
512,대한화섬,3830
513,대현,16090
514,대호에이엘,69460
515,대호특수강,21040
516,대화제약,67080
517,더네이쳐홀딩스,298540
518,더블유게임즈,192080
519,더블유씨피,393890
520,더블유에스아이,299170
521,더존비즈온,12510
522,더코디,224060
523,더콘텐츠온,302920
524,덕산네오룩스,213420
525,덕산테코피아,317330
526,덕산하이메탈,77360
527,덕성,4830
528,덕신하우징,90410
529,덕양산업,24900
530,덕우전자,263600
531,데브시스터즈,194480
532,데이드림엔터,348840
533,데이타솔루션,263800
534,데이터스트림즈,199150
535,덱스터,206560
536,덴티스,261200
537,덴티움,145720
538,도부마스크,227420
539,도이치모터스,67990
540,도화엔지니어링,2150
541,동구바이오제약,6620
542,동국S&C,100130
543,동국산업,5160
544,동국알앤에스,75970
545,동국제강,1230
546,동국제약,86450
547,동남합성,23450
548,동방,4140
549,동방선기,99410
550,동방아그로,7590
551,동부건설,5960
552,동서,26960
553,동성제약,2210
554,동성케미컬,102260
555,동성화인텍,33500
556,동신건설,25950
557,동아쏘시오홀딩스,640
558,동아에스티,170900
559,동아엘텍,88130
560,동아지질,28100
561,동아타이어,282690
562,동아화성,41930
563,동양,1520
564,동양고속,84670
565,동양생명,82640
566,동양에스텍,60380
567,동양이엔피,79960
568,동양철관,8970
569,동양파일,228340
570,동양피스톤,92780
571,동우팜투테이블,88910
572,동운아나텍,94170
573,동원F&B,49770
574,동원개발,13120
575,동원금속,18500
576,동원산업,6040
577,동원수산,30720
578,동원시스템즈,14820
579,동일고무벨트,163560
580,동일금속,109860
581,동일기연,32960
582,동일산업,4890
583,동일제강,2690
584,동일철강,23790
585,동진쎄미켐,5290
586,동화기업,25900
587,동화약품,20
588,두산,150
589,두산밥캣,241560
590,두산에너빌리티,34020
591,두산테스나,131970
592,두산퓨얼셀,336260
593,두올,16740
594,듀오백,73190
595,듀켐바이오,176750
596,드래곤플라이,30350
597,드림시큐리티,203650
598,드림씨아이에스,223250
599,드림어스컴퍼니,60570
600,드림텍,192650
601,디딤이앤에프,217620
602,디모아,16670
603,디바이스이엔지,187870
604,디스플레이텍,66670
605,디씨엠,24090
606,디아이,3160
607,디아이씨,92200
608,디아이티,110990
609,디아크,78590
610,디알젬,263690
611,디알텍,214680
612,디앤디플랫폼리츠,377190
613,디앤씨미디어,263720
614,디어유,376300
615,디에스앤엘,141020
616,디에스케이,109740
617,디에이테크놀로지,196490
618,디에이피,66900
619,디엑스앤브이엑스,180400
620,디엔에이링크,127120
621,디엔에프,92070
622,디오,39840
623,디와이,13570
624,디와이디,219550
625,디와이씨,310870
626,디와이파워,210540
627,디와이피엔에프,104460
628,디이엔티,79810
629,디젠스,113810
630,디지아이,43360
631,디지캡,197140
632,디지털대성,68930
633,디지틀조선,33130
634,디케이락,105740
635,디케이앤디,263020
636,디케이티,290550
637,디티앤씨,187220
638,디티앤씨알오,383930
639,디피코,163430
640,딜리,131180
641,딥노이드,315640
642,라닉스,317120
643,라온시큐어,42510
644,라온테크,232680
645,라온피플,300120
646,라이온켐텍,171120
647,라이트론,69540
648,라이프사이언스테크놀로지,285770
649,라이프시맨틱스,347700
650,라파스,214260
651,라피치,403360
652,락앤락,115390
653,래몽래인,200350
654,램테크놀러지,171010
655,랩지노믹스,84650
656,러셀,217500
657,럭스피아,92590
658,레고켐바이오,141080
659,레드캡투어,38390
660,레몬,294140
661,레이,228670
662,레이언스,228850
663,레이저쎌,412350
664,레이크머티리얼즈,281740
665,레인보우로보틱스,277810
666,렌딩머신,179720
667,로보로보,215100
668,로보스타,90360
669,로보쓰리,238500
670,로보티즈,108490
671,로스웰,900260
672,로지스몬,223220
673,로지시스,67730
674,로체시스템즈,71280
675,롯데관광개발,32350
676,롯데렌탈,89860
677,롯데리츠,330590
678,롯데손해보험,400
679,롯데쇼핑,23530
680,롯데정밀화학,4000
681,롯데정보통신,286940
682,롯데제과,280360
683,롯데지주,4990
684,롯데칠성,5300
685,롯데케미칼,11170
686,롯데하이마트,71840
687,루닛,328130
688,루멘스,38060
689,루켄테크놀러지스,162120
690,루트락,253610
691,루트로닉,85370
692,룽투코리아,60240
693,리노공업,58470
694,리노스,39980
695,리더스 기술투자,19570
696,리더스코스메틱,16100
697,리드코프,12700
698,리메드,302550
699,리파인,377450
700,린드먼아시아,277070
701,링네트,42500
702,링크제니시스,219420
703,마니커,27740
704,마니커에프앤지,195500
705,마스턴프리미어리츠,357430
706,마이크로디지탈,305090
707,마이크로엔엑스,448780
708,마이크로컨텍솔,98120
709,마이크로프랜드,147760
710,마인즈랩,377480
711,마크로젠,38290
712,만호제강,1080
713,매일유업,267980
714,매일홀딩스,5990
715,매커스,93520
716,맥스트,377030
717,맥쿼리인프라,88980
718,맵스리얼티1,94800
719,머큐리,100590
720,멀티캠퍼스,67280
721,메가스터디,72870
722,메가스터디교육,215200
723,메가엠디,133750
724,메드팩토,235980
725,메디쎄이,200580
726,메디아나,41920
727,메디안디노스틱,233250
728,메디앙스,14100
729,메디젠휴먼케어,236340
730,메디콕스,54180
731,메디톡스,86900
732,메디포스트,78160
733,메디프론,65650
734,메리츠금융지주,138040
735,메리츠증권,8560
736,메리츠화재,60
737,메이슨캐피탈,21880
738,메지온,140410
739,메카로,241770
740,메타랩스,90370
741,메타바이오메드,59210
742,멕아이씨에스,58110
743,멜파스,96640
744,명문제약,17180
745,명성티엔에스,257370
746,명신산업,9900
747,명진홀딩스,267060
748,모나리자,12690
749,모나미,5360
750,모다이노칩,80420
751,모델솔루션,417970
752,모두투어,80160
753,모두투어리츠,204210
754,모바일어플라이언스,87260
755,모베이스,101330
756,모베이스전자,12860
757,모비데이즈,363260
758,모비릭스,348030
759,모비스,250060
760,모아데이타,288980
761,모아텍,33200
762,모코엠시스,333050
763,모토닉,9680
764,모트렉스,118990
765,모헨즈,6920
766,무림P&P,9580
767,무림SP,1810
768,무림페이퍼,9200
769,무송지오씨,135160
770,무진메디,322970
771,무학,33920
772,문배철강,8420
773,미디어젠,279600
774,미래나노텍,95500
775,미래산업,25560
776,미래생명자원,218150
777,미래아이앤지,7120
778,미래에셋글로벌리츠,396690
779,미래에셋대우스팩 5호,353490
780,미래에셋맵스리츠,357250
781,미래에셋벤처투자,100790
782,미래에셋비전스팩1호,412930
783,미래에셋생명,85620
784,미래에셋증권,6800
785,미래엔에듀파트너,208890
786,미래컴퍼니,49950
787,미스터블루,207760
788,미원상사,2840
789,미원에스씨,268280
790,미원홀딩스,107590
791,미원화학,134380
792,미창석유,3650
793,미코,59090
794,미코바이오메드,214610
795,미투온,201490
796,미투젠,950190
797,바다로19호,155900
798,바디텍메드,206640
799,바른손,18700
800,바른손이앤에이,35620
801,바스칸바이오제약,354390
802,바이넥스,53030
803,바이브컴퍼니,301300
804,바이오노트,377740
805,바이오니아,64550
806,바이오다인,314930
807,바이오로그디바이스,208710
808,바이오솔루션,86820
809,바이오스마트,38460
810,바이오시네틱스,281310
811,바이오에프디엔씨,251120
812,바이오인프라생명과학,266470
813,바이오톡스텍,86040
814,바이오프로테크,199290
815,바이오플러스,99430
816,바이온,32980
817,바이옵트로,222160
818,바이젠셀,308080
819,바텍,43150
820,박셀바이오,323990
821,방림,3610
822,배럴,267790
823,백광산업,1340
824,백금T&A,46310
825,백산,35150
826,밸로프,331520
827,버킷스튜디오,66410
828,범양건영,2410
829,범한퓨얼셀,382900
830,베노홀딩스,206400
831,베뉴지,19010
832,베른,322190
833,베셀,177350
834,베스파,299910
835,베트남개발1,96300
836,벽산,7210
837,보광산업,225530
838,보라티알,250000
839,보락,2760
840,보령,3850
841,보로노이,310210
842,보성파워텍,6910
843,보해양조,890
844,본느,226340
845,볼빅,206950
846,부광약품,3000
847,부국증권,1270
848,부국철강,26940
849,부방,14470
850,부산산업,11390
851,부산주공,5030
852,부스타,8470
853,뷰노,338220
854,뷰웍스,100120
855,브랜드엑스코퍼레이션,337930
856,브레인즈컴퍼니,99390
857,브리지텍,64480
858,브릿지바이오테라퓨틱스,288330
859,브이씨,365900
860,브이원텍,251630
861,브이티지엠피,18290
862,블레이드 Ent,44480
863,블루콤,33560
864,블루탑,191600
865,블리츠웨이,369370
866,비나텍,126340
867,비덴트,121800
868,비디아이,148140
869,비보존 제약,82800
870,비비씨,318410
871,비비안,2070
872,비상교육,100220
873,비스토스,419540
874,비씨엔씨,146320
875,비씨월드제약,200780
876,비아트론,141000
877,비에이치,90460
878,비에이치아이,83650
879,비엔디생활건강,215050
880,비엔지티,32790
881,비엔케이제1호스팩,445360
882,비엘,142760
883,비엘팜텍,65170
884,비엘헬스케어,86220
885,비엠티,86670
886,비올,335890
887,비즈니스온,138580
888,비츠로셀,82920
889,비츠로시스,54220
890,비츠로테크,42370
891,비케이탑스,30790
892,비케이홀딩스,50090
893,비투엔,307870
894,비트나인,357880
895,비트컴퓨터,32850
896,비플라이소프트,148780
897,비피도,238200
898,빅솔론,93190
899,빅텍,65450
900,빅텐츠,210120
901,빙그레,5180
902,빛샘전자,72950
903,뿌리깊은나무들,266170
904,사람인에이치알,143240
905,사조대림,3960
906,사조동아원,8040
907,사조산업,7160
908,사조씨푸드,14710
909,사조오양,6090
910,산돌,419120
911,삼강엠앤티,100090
912,삼기,122350
913,삼륭물산,14970
914,삼목에스폼,18310
915,삼보모터스,53700
916,삼보산업,9620
917,삼보판지,23600
918,삼부토건,1470
919,삼성SDI,6400
920,삼성공조,6660
921,삼성머스트스팩5호,380320
922,삼성물산,28260
923,삼성바이오로직스,207940
924,삼성생명,32830
925,삼성스팩4호,377630
926,삼성스팩6호,425290
927,삼성스팩7호,439250
928,삼성에스디에스,18260
929,삼성엔지니어링,28050
930,삼성전기,9150
931,삼성전자,5930
932,삼성제약,1360
933,삼성중공업,10140
934,삼성증권,16360
935,삼성출판사,68290
936,삼성카드,29780
937,삼성화재,810
938,삼아알미늄,6110
939,삼아제약,9300
940,삼양사,145990
941,삼양식품,3230
942,삼양옵틱스,225190
943,삼양통상,2170
944,삼양패키징,272550
945,삼양홀딩스,70
946,삼영무역,2810
947,삼영에스앤씨,361670
948,삼영엠텍,54540
949,삼영이엔씨,65570
950,삼영전자,5680
951,삼영화학,3720
952,삼원강재,23000
953,삼익THK,4380
954,삼익악기,2450
955,삼일,32280
956,삼일기업공사,2290
957,삼일씨엔에스,4440
958,삼일제약,520
959,삼정펄프,9770
960,삼지전자,37460
961,삼진,32750
962,삼진엘앤디,54090
963,삼진제약,5500
964,삼천당제약,250
965,삼천리,4690
966,삼천리자전거,24950
967,삼표시멘트,38500
968,삼현철강,17480
969,삼호개발,10960
970,삼화네트웍스,46390
971,삼화왕관,4450
972,삼화전기,9470
973,삼화전자,11230
974,삼화콘덴서,1820
975,삼화페인트,390
976,상보,27580
977,상상인,38540
978,상상인인더스트리,101000
979,상상인제3호스팩,415580
980,상상인증권,1290
981,상신브레이크,41650
982,상신이디피,91580
983,상신전자,263810
984,상아프론테크,89980
985,상지카일룸,42940
986,새로닉스,42600
987,새론오토모티브,75180
988,새빗켐,107600
989,샘씨엔에스,252990
990,샘표,7540
991,샘표식품,248170
992,샤페론,378800
993,서남,294630
994,서린바이오,38070
995,서부T&D,6730
996,서산,79650
997,서암기계공업,100660
998,서연,7860
999,서연이화,200880
1000,서연탑메탈,19770
1001,서울가스,17390
1002,서울리거,43710
1003,서울바이오시스,92190
1004,서울반도체,46890
1005,서울식품,4410
1006,서울옥션,63170
1007,서울전자통신,27040
1008,서울제약,18680
1009,서원,21050
1010,서원인텍,93920
1011,서전기전,189860
1012,서진시스템,178320
1013,서진오토모티브,122690
1014,서플러스글로벌,140070
1015,서한,11370
1016,서호전기,65710
1017,서흥,8490
1018,서희건설,35890
1019,석경에이티,357550
1020,선광,3100
1021,선도전기,7610
1022,선바이오,67370
1023,선익시스템,171090
1024,선진,136490
1025,선진뷰티사이언스,86710
1026,성광벤드,14620
1027,성도이엔지,37350
1028,성문전자,14910
1029,성보화학,3080
1030,성신양회,4980
1031,성안,11300
1032,성우전자,81580
1033,성우테크론,45300
1034,성우하이텍,15750
1035,성일하이텍,365340
1036,성창기업지주,180
1037,성창오토텍,80470
1038,성호전자,43260
1039,세경하이테크,148150
1040,세기상사,2420
1041,세동,53060
1042,세림B&G,340440
1043,세명전기,17510
1044,세방,4360
1045,세방전지,4490
1046,세보엠이씨,11560
1047,세아메카닉스,396300
1048,세아베스틸지주,1430
1049,세아제강,306200
1050,세아제강지주,3030
1051,세아특수강,19440
1052,세아홀딩스,58650
1053,세우글로벌,13000
1054,세운메디칼,100700
1055,세원물산,24830
1056,세원이앤씨,91090
1057,세원정공,21820
1058,세이브존I&C,67830
1059,세종공업,33530
1060,세종메디칼,258830
1061,세종텔레콤,36630
1062,세중,39310
1063,세진중공업,75580
1064,세진티에스,67770
1065,세코닉스,53450
1066,세토피아,222810
1067,세하,27970
1068,세화피앤씨,252500
1069,센코,347000
1070,센트랄모텍,308170
1071,센트럴인사이트,12600
1072,셀레믹스,331920
1073,셀루메드,49180
1074,셀리드,299660
1075,셀리버리,268600
1076,셀바스AI,108860
1077,셀바스헬스케어,208370
1078,셀젠텍,258250
1079,셀트리온,68270
1080,셀트리온제약,68760
1081,셀트리온헬스케어,91990
1082,셀피글로벌,68940
1083,소니드,60230
1084,소룩스,290690
1085,소마젠,950200
1086,소프트센,32680
1087,소프트캠프,258790
1088,손오공,66910
1089,솔고바이오,43100
1090,솔루스첨단소재,336370
1091,솔루에타,154040
1092,솔루엠,248070
1093,솔본,35610
1094,솔브레인,357780
1095,솔브레인홀딩스,36830
1096,솔트룩스,304100
1097,솔트웨어,328380
1098,송원산업,4430
1099,쇼박스,86980
1100,수산아이앤티,50960
1101,수산인더스트리,126720
1102,수산중공업,17550
1103,수성샐바시온,84180
1104,수젠텍,253840
1105,수프로,185190
1106,슈프리마,236200
1107,슈프리마아이디,317770
1108,슈프리마에이치큐,94840
1109,슈피겐코리아,192440
1110,스마트솔루션즈,136510
1111,스맥,99440
1112,스카이라이프,53210
1113,스카이문스테크놀로지,33790
1114,스코넥,276040
1115,스킨앤스킨,159910
1116,스타플렉스,115570
1117,스톤브릿지벤처스,330730
1118,스튜디오드래곤,253450
1119,스튜디오산타클로스,204630
1120,스틱인베스트먼트,26890
1121,스페코,13810
1122,승일,49830
1123,시공테크,20710
1124,시그네틱스,33170
1125,시너지이노베이션,48870
1126,시노펙스,25320
1127,시디즈,134790
1128,시스웍,269620
1129,시큐브,131090
1130,시큐센,232830
1131,시티랩스,139050
1132,신대양제지,16590
1133,신도기연,290520
1134,신도리코,29530
1135,신라교역,4970
1136,신라섬유,1000
1137,신라에스지,25870
1138,신라젠,215600
1139,신성델타테크,65350
1140,신성이엔지,11930
1141,신성통상,5390
1142,신세계,4170
1143,신세계 I&C,35510
1144,신세계건설,34300
1145,신세계인터내셔날,31430
1146,신세계푸드,31440
1147,신송홀딩스,6880
1148,신스틸,162300
1149,신신제약,2800
1150,신영스팩6호,344050
1151,신영스팩7호,419270
1152,신영스팩8호,430220
1153,신영스팩9호,445970
1154,신영와코루,5800
1155,신영증권,1720
1156,신원,9270
1157,신원종합개발,17000
1158,신일전자,2700
1159,신일제약,12790
1160,신진에스엠,138070
1161,신테카바이오,226330
1162,신풍,2870
1163,신풍제약,19170
1164,신한서부티엔디리츠,404990
1165,신한알파리츠,293940
1166,신한제10호스팩,418210
1167,신한제7호스팩,366330
1168,신한제8호스팩,393360
1169,신한제9호스팩,405640
1170,신한지주,55550
1171,신화인터텍,56700
1172,신화콘텍,187270
1173,신흥,4080
1174,신흥에스이씨,243840
1175,실리콘투,257720
1176,심텍,222800
1177,심텍홀딩스,36710
1178,싸이맥스,160980
1179,싸이버원,356890
1180,싸이토젠,217330
1181,쌍방울,102280
1182,쌍용C&E,3410
1183,쌍용정보통신,10280
1184,쌍용차,3620
1185,써니전자,4770
1186,썬테크,217320
1187,썸에이지,208640
1188,쎄노텍,222420
1189,쎄니트,37760
1190,쎄트렉아이,99320
1191,쎌마테라퓨틱스,15540
1192,쎌바이오텍,49960
1193,쏘카,403550
1194,쏠리드,50890
1195,씨씨에스,66790
1196,씨아이에스,222080
1197,씨아이테크,4920
1198,씨알푸드,236030
1199,씨앗,103660
1200,씨앤씨인터내셔널,352480
1201,씨앤에스링크,245450
1202,씨앤지하이테크,264660
1203,씨앤투스,352700
1204,씨에스베어링,297090
1205,씨에스윈드,112610
1206,씨엔알리서치,359090
1207,씨엔티드림,286000
1208,씨엔플러스,115530
1209,씨유메디칼,115480
1210,씨유테크,376290
1211,씨이랩,189330
1212,씨젠,96530
1213,씨케이에이치,900120
1214,씨큐브,101240
1215,씨티씨바이오,60590
1216,씨티케이,260930
1217,아가방컴퍼니,13990
1218,아나패스,123860
1219,아난티,25980
1220,아남전자,8700
1221,아리온,58220
1222,아모그린텍,125210
1223,아모레G,2790
1224,아모레퍼시픽,90430
1225,아모센스,357580
1226,아모텍,52710
1227,아미노로직스,74430
1228,아미코젠,92040
1229,아바코,83930
1230,아바텍,149950
1231,아비코전자,36010
1232,아세아,2030
1233,아세아시멘트,183190
1234,아세아제지,2310
1235,아세아텍,50860
1236,아센디오,12170
1237,아셈스,136410
1238,아스타,246720
1239,아스트,67390
1240,아스플로,159010
1241,아시아경제,127710
1242,아시아나IDT,267850
1243,아시아나항공,20560
1244,아시아종묘,154030
1245,아우딘퓨쳐스,227610
1246,아이디스,143160
1247,아이디스홀딩스,54800
1248,아이디피,332370
1249,아이마켓코리아,122900
1250,아이비김영,339950
1251,아이센스,99190
1252,아이스크림에듀,289010
1253,아이쓰리시스템,214430
1254,아이씨디,40910
1255,아이씨에이치,368600
1256,아이앤씨,52860
1257,아이에스동서,10780
1258,아이에스이커머스,69920
1259,아이에이,38880
1260,아이엘사이언스,307180
1261,아이엠,101390
1262,아이오바이오,447690
1263,아이오케이,78860
1264,아이윈,90150
1265,아이윈플러스,123010
1266,아이즈비전,31310
1267,아이진,185490
1268,아이컴포넌트,59100
1269,아이케이세미콘,149010
1270,아이퀘스트,262840
1271,아이큐어,175250
1272,아이크래프트,52460
1273,아이텍,119830
1274,아이톡시,52770
1275,아이티센,124500
1276,아이티아이즈,372800
1277,아이티엠반도체,84850
1278,아이패밀리에스씨,114840
1279,아주IB투자,27360
1280,아주스틸,139990
1281,아즈텍WB,32080
1282,아진산업,13310
1283,아진엑스텍,59120
1284,아톤,158430
1285,아퓨어스,149300
1286,아프리카TV,67160
1287,아하,102950
1288,안국약품,1540
1289,안랩,53800
1290,안지오랩,251280
1291,안트로젠,65660
1292,알로이스,297570
1293,알루코,1780
1294,알리코제약,260660
1295,알비더블유,361570
1296,알서포트,131370
1297,알에스오토메이션,140670
1298,알에프세미,96610
1299,알에프텍,61040
1300,알엔투테크놀로지,148250
1301,알체라,347860
1302,알테오젠,196170
1303,알톤스포츠,123750
1304,알티캐스트,85810
1305,알파홀딩스,117670
1306,알피바이오,314140
1307,압타머사이언스,291650
1308,압타바이오,293780
1309,앙츠,267810
1310,애경산업,18250
1311,애경케미칼,161000
1312,애니메디솔루션,390110
1313,애니젠,196300
1314,애니플러스,310200
1315,애드바이오텍,179530
1316,애머릿지,900100
1317,액션스퀘어,205500
1318,액토즈소프트,52790
1319,액트로,290740
1320,앤디포스,238090
1321,앤씨앤,92600
1322,앱코,129890
1323,앱클론,174900
1324,야스,255440
1325,양지사,30960
1326,어반리튬,73570
1327,어보브반도체,102120
1328,어스앤에어로스페이스,263540
1329,얼라인드,238120
1330,엄지하우스,224810
1331,에너토크,19990
1332,에넥스,11090
1333,에브리봇,270660
1334,에스넷,38680
1335,에스디바이오센서,137310
1336,에스디생명공학,217480
1337,에스디시스템,121890
1338,에스맥,97780
1339,에스비비테크,389500
1340,에스씨디,42110
1341,에스씨엠생명과학,298060
1342,에스아이리소스,65420
1343,에스알바이오텍,270210
1344,에스앤더블류,103230
1345,에스앤디,260970
1346,에스앤에스텍,101490
1347,에스에너지,95910
1348,에스에스알,275630
1349,에스에이엠티,31330
1350,에스에이티,60540
1351,에스에이티이엔지,351320
1352,에스에프에이,56190
1353,에스엔유,80000
1354,에스엘,5850
1355,에스엘바이오닉스,214310
1356,에스엘에스바이오,246250
1357,에스엘테라퓨틱스,258540
1358,에스엠,41510
1359,에스엠벡셀,10580
1360,에스엠비나,299670
1361,에스엠코어,7820
1362,에스와이,109610
1363,에스원,12750
1364,에스제이그룹,306040
1365,에스제이켐,217910
1366,에스케이씨에스,224020
1367,에스케이증권7호스팩,408920
1368,에스케이증권제8호스팩,435870
1369,에스코넥,96630
1370,에스텍,69510
1371,에스텍파마,41910
1372,에스트래픽,234300
1373,에스티아이,39440
1374,에스티오,98660
1375,에스티큐브,52020
1376,에스티팜,237690
1377,에스폴리텍,50760
1378,에스퓨얼셀,288620
1379,에스피시스템스,317830
1380,에스피지,58610
1381,에쎈테크,43340
1382,에쓰씨엔지니어링,23960
1383,에어부산,298690
1384,에이디엠코리아,187660
1385,에이디칩스,54630
1386,에이디테크놀로지,200710
1387,에이루트,96690
1388,에이리츠,140910
1389,에이블씨엔씨,78520
1390,에이비엘바이오,298380
1391,에이비온,203400
1392,에이비프로바이오,195990
1393,에이스침대,3800
1394,에이스테크,88800
1395,에이스토리,241840
1396,에이아이더뉴트리진,311960
1397,에이에프더블류,312610
1398,에이엔피,15260
1399,에이원알폼,234070
1400,에이치시티,72990
1401,에이치앤비디자인,227100
1402,에이치엔에스하이텍,44990
1403,에이치엘사이언스,239610
1404,에이치엠씨제4호스팩,353070
1405,에이치엠씨제5호스팩,353060
1406,에이치와이티씨,148930
1407,에이치케이,44780
1408,에이치피오,357230
1409,에이테크솔루션,71670
1410,에이텍,45660
1411,에이텍티앤,224110
1412,에이트원,230980
1413,에이티넘인베스트,21080
1414,에이티세미콘,89530
1415,에이팩트,200470
1416,에이펙스인텍,207490
1417,에이프로,262260
1418,에이프로젠,7460
1419,에이프로젠 H&G,109960
1420,에이프로젠바이오로직스,3060
1421,에이프릴바이오,397030
1422,에이플러스에셋,244920
1423,에이피티씨,89970
1424,에치에프알,230240
1425,에코마케팅,230360
1426,에코바이오,38870
1427,에코캡,128540
1428,에코프로,86520
1429,에코프로비엠,247540
1430,에코프로에이치엔,383310
1431,에코플라스틱,38110
1432,에프알텍,73540
1433,에프앤가이드,64850
1434,에프앤리퍼블릭,64090
1435,에프에스티,36810
1436,에프엔씨엔터,173940
1437,에프엔에스테크,83500
1438,엑사이엔씨,54940
1439,엑서지21,43090
1440,엑세스바이오,950130
1441,엑셈,205100
1442,엑스큐어,70300
1443,엑시콘,92870
1444,엔바이오니아,317870
1445,엔브이에이치코리아,67570
1446,엔비티,236810
1447,엔솔바이오사이언스,140610
1448,엔시스,333620
1449,엔시트론,101400
1450,엔씨소프트,36570
1451,엔에스엔,31860
1452,엔에스엠,238170
1453,엔에스컴퍼니,224760
1454,엔에이치스팩19호,380440
1455,엔에이치스팩20호,391060
1456,엔에이치스팩22호,396770
1457,엔에이치스팩23호,422040
1458,엔에이치스팩24호,437780
1459,엔에이치스팩25호,438580
1460,엔에이치스팩26호,439410
1461,엔에이치스팩27호,440820
1462,엔에프씨,265740
1463,엔젠바이오,354200
1464,엔젯,419080
1465,엔지브이아이,93510
1466,엔지스테크널러지,208860
1467,엔지켐생명과학,183490
1468,엔케이,85310
1469,엔케이맥스,182400
1470,엔켐,348370
1471,엔텔스,69410
1472,엔투텍,227950
1473,엔피,291230
1474,엔피디,198080
1475,엔피케이,48830
1476,엘디티,96870
1477,엘리비젼,276240
1478,엘브이엠씨홀딩스,900140
1479,엘비루셈,376190
1480,엘비세미콘,61970
1481,엘아이에스,138690
1482,엘앤씨바이오,290650
1483,엘앤에프,66970
1484,엘앤케이바이오,156100
1485,엘에이티,311060
1486,엘엠에스,73110
1487,엘오티베큠,83310
1488,엘컴텍,37950
1489,엘티씨,170920
1490,엠게임,58630
1491,엠로,58970
1492,엠벤처투자,19590
1493,엠브레인,169330
1494,엠씨넥스,97520
1495,엠아이텍,179290
1496,엠에스씨,9780
1497,엠에스오토텍,123040
1498,엠에프엠코리아,323230
1499,엠케이전자,33160
1500,엠투아이,347890
1501,엠투엔,33310
1502,엠플러스,259630
1503,엠피대산,65150
1504,엠피씨플러스,50540
1505,연우,115960
1506,영림원소프트랩,60850
1507,영보화학,14440
1508,영신금속,7530
1509,영우디에스피,143540
1510,영원무역,111770
1511,영원무역홀딩스,9970
1512,영진약품,3520
1513,영창케미칼,112290
1514,영풍,670
1515,영풍정밀,36560
1516,영풍제지,6740
1517,영화금속,12280
1518,영화테크,265560
1519,영흥,12160
1520,예림당,36000
1521,예선테크,250930
1522,예스24,53280
1523,예스코홀딩스,15360
1524,예스티,122640
1525,오가닉티코스메틱,900300
1526,오공,45060
1527,오디텍,80520
1528,오뚜기,7310
1529,오로라,39830
1530,오로스테크놀로지,322310
1531,오르비텍,46120
1532,오리엔탈정공,14940
1533,오리엔트바이오,2630
1534,오리엔트정공,65500
1535,오리온,271560
1536,오리온홀딩스,1800
1537,오리콤,10470
1538,오비고,352910
1539,오상자이엘,53980
1540,오성첨단소재,52420
1541,오션브릿지,241790
1542,오스코텍,39200
1543,오스테오닉,226400
1544,오스템,31510
1545,오스템임플란트,48260
1546,오에스피,368970
1547,오이솔루션,138080
1548,오킨스전자,80580
1549,오텍,67170
1550,오토앤,353590
1551,오파스넷,173130
1552,오픈베이스,49480
1553,오픈엣지테크놀로지,394280
1554,오하임아이엔티,309930
1555,올리패스,244460
1556,올릭스,226950
1557,옴니시스템,57540
1558,옵투스제약,131030
1559,옵트론텍,82210
1560,옵티시스,109080
1561,옵티코어,380540
1562,옵티팜,153710
1563,와이더플래닛,321820
1564,와이솔,122990
1565,와이아이케이,232140
1566,와이어블,65530
1567,와이엔텍,67900
1568,와이엠씨,155650
1569,와이엠텍,273640
1570,와이엠티,251370
1571,와이오엠,66430
1572,와이제이엠게임즈,193250
1573,와이즈버즈,273060
1574,와이지-원,19210
1575,와이지엔터테인먼트,122870
1576,와이투솔루션,11690
1577,와이팜,332570
1578,와토스코리아,79000
1579,용평리조트,70960
1580,우리금융지주,316140
1581,우리기술,32820
1582,우리기술투자,41190
1583,우리넷,115440
1584,우리로,46970
1585,우리바이오,82850
1586,우리산업,215360
1587,우리산업홀딩스,72470
1588,우리손에프앤지,73560
1589,우리엔터프라이즈,37400
1590,우리이앤엘,153490
1591,우리종금,10050
1592,우림피티에스,101170
1593,우성,6980
1594,우수AMS,66590
1595,우신시스템,17370
1596,우양,103840
1597,우원개발,46940
1598,우정바이오,215380
1599,우주일렉트로,65680
1600,우진,105840
1601,우진비앤지,18620
1602,우진아이엔에스,10400
1603,우진플라임,49800
1604,웅진,16880
1605,웅진씽크빅,95720
1606,원림,5820
1607,원바이오젠,307280
1608,원방테크,53080
1609,원익,32940
1610,원익IPS,240810
1611,원익QnC,74600
1612,원익머트리얼즈,104830
1613,원익큐브,14190
1614,원익피앤이,217820
1615,원익홀딩스,30530
1616,원일특강,12620
1617,원준,382840
1618,원텍,336570
1619,원티드랩,376980
1620,원포유,122830
1621,원풍,8370
1622,원풍물산,8290
1623,월덱스,101160
1624,웨이버스,336060
1625,웨이브일렉트로,95270
1626,웰바이오텍,10600
1627,웰크론,65950
1628,웰크론한텍,76080
1629,웹스,196700
1630,웹젠,69080
1631,웹케시,53580
1632,위니아,71460
1633,위니아에이드,377460
1634,위닉스,44340
1635,위더스제약,330350
1636,위드텍,348350
1637,위메이드,112040
1638,위메이드맥스,101730
1639,위메이드플레이,123420
1640,위세아이텍,65370
1641,위월드,140660
1642,위즈코프,38620
1643,위지윅스튜디오,299900
1644,위지트,36090
1645,윈스,136540
1646,윈텍,320000
1647,윈팩,97800
1648,윈하이텍,192390
1649,윌링스,313760
1650,윌비스,8600
1651,윙스풋,335870
1652,윙입푸드,900340
1653,유나이티드제약,33270
1654,유네코,64510
1655,유니드,14830
1656,유니드비티플러스,446070
1657,유니셈,36200
1658,유니슨,18000
1659,유니온,910
1660,유니온머티리얼,47400
1661,유니온커뮤니티,203450
1662,유니켐,11330
1663,유니퀘스트,77500
1664,유니크,11320
1665,유니테스트,86390
1666,유니테크노,241690
1667,유니트론텍,142210
1668,유니포인트,121060
1669,유라테크,48430
1670,유바이오로직스,206650
1671,유비벨록스,89850
1672,유비온,84440
1673,유비케어,32620
1674,유비쿼스,264450
1675,유비쿼스홀딩스,78070
1676,유성기업,2920
1677,유성티엔에스,24800
1678,유수홀딩스,700
1679,유신,54930
1680,유아이디,69330
1681,유아이엘,49520
1682,유안타제10호스팩,435380
1683,유안타제8호스팩,367480
1684,유안타제9호스팩,430700
1685,유안타증권,3470
1686,유에스티,263770
1687,유엑스엔,337840
1688,유엔젤,72130
1689,유유제약,220
1690,유일로보틱스,388720
1691,유일에너테크,340930
1692,유진기업,23410
1693,유진로봇,56080
1694,유진스팩6호,373340
1695,유진스팩7호,388800
1696,유진스팩8호,413630
1697,유진스팩9호,442130
1698,유진테크,84370
1699,유진투자증권,1200
1700,유테크,178780
1701,유투바이오,221800
1702,유티아이,179900
1703,유틸렉스,263050
1704,유한양행,100
1705,유화증권,3460
1706,육일씨엔에쓰,191410
1707,윤성에프앤씨,372170
1708,율촌화학,8730
1709,율호,72770
1710,이건산업,8250
1711,이건홀딩스,39020
1712,이구산업,25820
1713,이글루,67920
1714,이글벳,44960
1715,이노뎁,303530
1716,이노룰스,296640
1717,이노메트리,302430
1718,이노벡스,279060
1719,이노션,214320
1720,이노시스,56090
1721,이노와이어리스,73490
1722,이노인스트루먼트,215790
1723,이노진,344860
1724,이노테라피,246960
1725,이녹스,88390
1726,이녹스첨단소재,272290
1727,이니텍,53350
1728,이라이콤,41520
1729,이랜시스,264850
1730,이랜텍,54210
1731,이루다,164060
1732,이루온,65440
1733,이리츠코크렙,88260
1734,이마트,139480
1735,이미지스,115610
1736,이베스트투자증권,78020
1737,이브이첨단소재,131400
1738,이비테크,208850
1739,이삭엔지니어링,351330
1740,이상네트웍스,80010
1741,이성씨엔아이,379390
1742,이수앱지스,86890
1743,이수페타시스,7660
1744,이수화학,5950
1745,이스타코,15020
1746,이스트소프트,47560
1747,이스트아시아홀딩스,900110
1748,이씨에스,67010
1749,이아이디,93230
1750,이앤에치,341310
1751,이엔드디,101360
1752,이엔에프테크놀로지,102710
1753,이엔코퍼레이션,66980
1754,이엔플러스,74610
1755,이엘피,63760
1756,이엠넷,123570
1757,이엠앤아이,83470
1758,이엠코리아,95190
1759,이엠텍,91120
1760,이엠티,232530
1761,이연제약,102460
1762,이오테크닉스,39030
1763,이오플로우,294090
1764,이원컴포텍,88290
1765,이월드,84680
1766,이즈미디어,181340
1767,이지바이오,353810
1768,이지스레지던스리츠,350520
1769,이지스밸류리츠,334890
1770,이지케어텍,99750
1771,이지트로닉스,377330
1772,이지홀딩스,35810
1773,이큐셀,160600
1774,이크레더블,92130
1775,이트론,96040
1776,이퓨쳐,134060
1777,이화공영,1840
1778,이화산업,760
1779,이화전기,24810
1780,인디에프,14990
1781,인바디,41830
1782,인바이오,352940
1783,인바이오젠,101140
1784,인바이츠바이오코아,216400
1785,인베니아,79950
1786,인벤티지랩,389470
1787,인산가,277410
1788,인선이엔티,60150
1789,인성정보,33230
1790,인스코비,6490
1791,인지디스플레,37330
1792,인지소프트,100030
1793,인지컨트롤스,23800
1794,인천도시가스,34590
1795,인카금융서비스,211050
1796,인콘,83640
1797,인크로스,216050
1798,인탑스,49070
1799,인터로조,119610
1800,인터엠,17250
1801,인터지스,129260
1802,인터플렉스,51370
1803,인텍플러스,64290
1804,인텔리안테크,189300
1805,인트로메딕,150840
1806,인트론바이오,48530
1807,인팩,23810
1808,인포마크,175140
1809,인포바인,115310
1810,인포뱅크,39290
1811,인피니트헬스케어,71200
1812,인화정공,101930
1813,일동제약,249420
1814,일동홀딩스,230
1815,일성건설,13360
1816,일성신약,3120
1817,일승,333430
1818,일신바이오,68330
1819,일신방직,3200
1820,일신석재,7110
1821,일야,58450
1822,일양약품,7570
1823,일정실업,8500
1824,일지테크,19540
1825,일진다이아,81000
1826,일진디스플,20760
1827,일진머티리얼즈,20150
1828,일진전기,103590
1829,일진파워,94820
1830,일진하이솔루스,271940
1831,일진홀딩스,15860
1832,잇츠한불,226320
1833,잉글우드랩,950140
1834,잉크테크,49550
1835,자비스,254120
1836,자연과환경,43910
1837,자이글,234920
1838,자이언트스텝,289220
1839,자이에스앤디,317400
1840,자화전자,33240
1841,장원테크,174880
1842,재영솔루텍,49630
1843,저스템,417840
1844,전방,950
1845,전진바이오팜,110020
1846,정다운,208140
1847,정상제이엘에스,40420
1848,정원엔시스,45510
1849,제너셈,217190
1850,제넥신,95700
1851,제넨바이오,72520
1852,제노레이,122310
1853,제노코,361390
1854,제노텍,66830
1855,제노포커스,187420
1856,제놀루션,225220
1857,제닉,123330
1858,제로투세븐,159580
1859,제룡산업,147830
1860,제룡전기,33100
1861,제우스,79370
1862,제이브이엠,54950
1863,제이스코홀딩스,23440
1864,제이스텍,90470
1865,제이시스메디칼,287410
1866,제이씨케미칼,137950
1867,제이씨현시스템,33320
1868,제이아이테크,417500
1869,제이알글로벌리츠,348950
1870,제이앤티씨,204270
1871,제이에스코퍼레이션,194370
1872,제이에스티나,26040
1873,제이엔케이히터,126880
1874,제이엘케이,322510
1875,제이엠멀티,254160
1876,제이엠아이,33050
1877,제이엠티,94970
1878,제이웨이,58420
1879,제이준코스메틱,25620
1880,제이티,89790
1881,제일기획,30000
1882,제일바이오,52670
1883,제일약품,271980
1884,제일연마,1560
1885,제일전기공업,199820
1886,제일테크노스,38010
1887,제일파마홀딩스,2620
1888,제주맥주,276730
1889,제주반도체,80220
1890,제주은행,6220
1891,제주항공,89590
1892,제테마,216080
1893,젠큐릭스,229000
1894,젬,248020
1895,젬백스,82270
1896,젬백스링크,64800
1897,조광ILI,44060
1898,조광페인트,4910
1899,조광피혁,4700
1900,조비,1550
1901,조선내화,480
1902,조선선재,120030
1903,조아제약,34940
1904,조이시티,67000
1905,조일알미늄,18470
1906,조흥,2600
1907,종근당,185750
1908,종근당바이오,63160
1909,종근당홀딩스,1630
1910,좋은사람들,33340
1911,주성엔지니어링,36930
1912,주연테크,44380
1913,줌인터넷,239340
1914,중앙디앤엠,51980
1915,중앙백신,72020
1916,중앙에너비스,440
1917,지나인제약,78650
1918,지노믹트리,228760
1919,지놈앤컴퍼니,314130
1920,지누스,13890
1921,지니너스,389030
1922,지니뮤직,43610
1923,지니언스,263860
1924,지니틱스,303030
1925,지더블유바이텍,36180
1926,지란지교시큐리티,208350
1927,지씨셀,144510
1928,지아이텍,382480
1929,지앤비에스엔지니어링,382800
1930,지앤이헬스케어,299480
1931,지어소프트,51160
1932,지에스이,53050
1933,지에프씨생명과학,388610
1934,지엔씨에너지,119850
1935,지엔원에너지,270520
1936,지엔코,65060
1937,지엘팜텍,204840
1938,지엠비코리아,13870
1939,지역난방공사,71320
1940,지오엘리먼트,311320
1941,지투알,35000
1942,지투파워,388050
1943,지티지웰니스,219750
1944,진도,88790
1945,진로발효,18120
1946,진매트릭스,109820
1947,진바이오텍,86060
1948,진성티이씨,36890
1949,진시스템,363250
1950,진양산업,3780
1951,진양제약,7370
1952,진양폴리,10640
1953,진양홀딩스,100250
1954,진양화학,51630
1955,진에어,272450
1956,진원생명과학,11000
1957,진코스텍,250030
1958,진흥기업,2780
1959,질경이,233990
1960,차바이오텍,85660
1961,차백신연구소,261780
1962,참엔지니어링,9310
1963,참좋은여행,94850
1964,창해에탄올,4650
1965,천보,278280
1966,천일고속,650
1967,청광건설,140290
1968,청담글로벌,362320
1969,체리부로,66360
1970,체시스,33250
1971,초록뱀미디어,47820
1972,초록뱀이앤엠,131100
1973,초록뱀컴퍼니,52300
1974,초록뱀헬스케어,118000
1975,칩스앤미디어,94360
1976,카나리아바이오,16790
1977,카스,16920
1978,카이노스메드,284620
1979,카이바이오텍,446600
1980,카카오,35720
1981,카카오게임즈,293490
1982,카카오뱅크,323410
1983,카카오페이,377300
1984,카페24,42000
1985,카프로,6380
1986,캐리소프트,317530
1987,캐스텍코리아,71850
1988,캠시스,50110
1989,커넥트웨이브,119860
1990,커머스마이너,223310
1991,컨버즈,109070
1992,컬러레이,900310
1993,컴투스,78340
1994,컴투스홀딩스,63080
1995,컴퍼니케이,307930
1996,케스피온,79190
1997,케어랩스,263700
1998,케어젠,214370
1999,케이디켐,221980
2000,케이비아이동국실업,1620
2001,케이비제21호스팩,424140
2002,케이비제22호스팩,436530
2003,케이비제23호스팩,440200
2004,케이사인,192250
2005,케이씨,29460
2006,케이씨에스,115500
2007,케이씨텍,281820
2008,케이씨티,89150
2009,케이씨피드,25880
2010,케이아이엔엑스,93320
2011,케이에스피,73010
2012,케이엔더블유,105330
2013,케이엔제이,272110
2014,케이엘넷,39420
2015,케이엠,83550
2016,케이엠더블유,32500
2017,케이엠제약,225430
2018,케이옥션,102370
2019,케이카,381970
2020,케이탑리츠,145270
2021,케이티알파,36030
2022,케이프,64820
2023,케이피에스,256940
2024,케이피에프,24880
2025,케이피엠테크,42040
2026,케이피티유,54410
2027,케일럼,258610
2028,켄코아에어로스페이스,274090
2029,켈스,402420
2030,켐트로닉스,89010
2031,켐트로스,220260
2032,코나솔,176590
2033,코나아이,52400
2034,코난테크놀로지,402030
2035,코닉오토메이션,391710
2036,코다코,46070
2037,코데즈컴바인,47770
2038,코드네이처,78940
2039,코디,80530
2040,코람코더원리츠,417310
2041,코람코에너지리츠,357120
2042,코렌텍,104540
2043,코리아나,27050
2044,코리아써키트,7810
2045,코리아에셋투자증권,190650
2046,코리아에프티,123410
2047,코리안리,3690
2048,코맥스,36690
2049,코메론,49430
2050,코미코,183300
2051,코미팜,41960
2052,코세스,89890
2053,코센,9730
2054,코셋,189350
2055,코스나인,82660
2056,코스맥스,192820
2057,코스맥스비티아이,44820
2058,코스맥스엔비티,222040
2059,코스메카코리아,241710
2060,코스모신소재,5070
2061,코스모화학,5420
2062,코스온,69110
2063,코스텍시스템,169670
2064,코아스,71950
2065,코아스템켐온,166480
2066,코아시아,45970
2067,코아시아옵틱스,196450
2068,코엔텍,29960
2069,코오롱,2020
2070,코오롱글로벌,3070
2071,코오롱생명과학,102940
2072,코오롱인더,120110
2073,코오롱티슈진,950160
2074,코오롱플라스틱,138490
2075,코원플레이,56000
2076,코웨이,21240
2077,코웰패션,33290
2078,코위버,56360
2079,코윈테크,282880
2080,코이즈,121850
2081,코콤,15710
2082,코텍,52330
2083,코퍼스코리아,322780
2084,콘텐트리중앙,36420
2085,콜마비앤에이치,200130
2086,콤텍시스템,31820
2087,쿠콘,294570
2088,쿠쿠홀딩스,192400
2089,쿠쿠홈시스,284740
2090,퀀타매트릭스,317690
2091,큐라클,365270
2092,큐러블,86460
2093,큐렉소,60280
2094,큐로,15590
2095,큐로컴,40350
2096,큐로홀딩스,51780
2097,큐리언트,115180
2098,큐브엔터,182360
2099,큐알티,405100
2100,큐에스아이,66310
2101,큐엠씨,136660
2102,큐캐피탈,16600
2103,크라운제과,264900
2104,크라운해태홀딩스,5740
2105,크래프톤,259960
2106,크레버스,96240
2107,크로넥스,215570
2108,크로바하이텍,43590
2109,크루셜텍,114120
2110,크리스에프앤씨,110790
2111,크리스탈신소재,900250
2112,크리스탈지노믹스,83790
2113,크린앤사이언스,45520
2114,클라우드에어,36170
2115,클래시스,214150
2116,클리노믹스,352770
2117,클리오,237880
2118,키네마스터,139670
2119,키다리스튜디오,20120
2120,키움제6호스팩,413600
2121,키움제7호스팩,433530
2122,키움증권,39490
2123,키이스트,54780
2124,타스컴,336040
2125,타이거일렉,219130
2126,타이드,346010
2127,타임기술,318660
2128,탈로스,434190
2129,탑머티리얼,360070
2130,탑선,180060
2131,탑엔지니어링,65130
2132,탑코미디어,134580
2133,태경비케이,14580
2134,태경산업,15890
2135,태경케미컬,6890
2136,태광,23160
2137,태광산업,3240
2138,태림포장,11280
2139,태성,323280
2140,태양,53620
2141,태양금속,4100
2142,태양기계,116100
2143,태영건설,9410
2144,태웅,44490
2145,태웅로직스,124560
2146,태원물산,1420
2147,태평양물산,7980
2148,테고사이언스,191420
2149,테라사이언스,73640
2150,테라젠이텍스,66700
2151,테스,95610
2152,테이팩스,55490
2153,테크엔,308700
2154,테크엘,64520
2155,테크윙,89030
2156,테크트랜스,258050
2157,텔레칩스,54450
2158,텔레필드,91440
2159,텔코웨어,78000
2160,텔콘RF제약,200230
2161,토니모리,214420
2162,토마토시스템,393210
2163,토박스코리아,215480
2164,토비스,51360
2165,토탈소프트,45340
2166,톱텍,108230
2167,투비소프트,79970
2168,툴젠,199800
2169,트루윈,105550
2170,트윔,290090
2171,특수건설,26150
2172,티라유텍,322180
2173,티로보틱스,117730
2174,티비씨,33830
2175,티사이언티픽,57680
2176,티쓰리,204610
2177,티씨케이,64760
2178,티앤알바이오팹,246710
2179,티앤엘,340570
2180,티에스넥스젠,43220
2181,티에스아이,277880
2182,티에스이,131290
2183,티에이치엔,19180
2184,티에프이,425420
2185,티엘비,356860
2186,티엘아이,62860
2187,티엘엔지니어링,413300
2188,티와이홀딩스,363280
2189,티움바이오,321550
2190,티웨이항공,91810
2191,티웨이홀딩스,4870
2192,티케이케미칼,104480
2193,티플랙스,81150
2194,티피씨글로벌,130740
2195,틸론,217880
2196,팅크웨어,84730
2197,파나진,46210
2198,파나케이아,58530
2199,파라다이스,34230
2200,파라텍,33540
2201,파루,43200
2202,파마리서치,214450
2203,파마리서치바이오,217950
2204,파멥신,208340
2205,파미셀,5690
2206,파버나인,177830
2207,파세코,37070
2208,파수,150900
2209,파워넷,37030
2210,파워로직스,47310
2211,파워풀엑스,266870
2212,파이버프로,368770
2213,파이오링크,170790
2214,파인디앤씨,49120
2215,파인디지털,38950
2216,파인엠텍,441270
2217,파인테크닉스,106240
2218,파인텍,131760
2219,파커스,65690
2220,파크시스템스,140860
2221,파트론,91700
2222,판도라티비,202960
2223,판타지오,32800
2224,팜스빌,318010
2225,팜스코,36580
2226,팜스토리,27710
2227,팜젠사이언스,4720
2228,패션플랫폼,225590
2229,팬스타엔터프라이즈,54300
2230,팬엔터테인먼트,68050
2231,팬오션,28670
2232,팬젠,222110
2233,퍼스텍,10820
2234,퍼시스,16800
2235,펄어비스,263750
2236,펌텍코리아,251970
2237,페이퍼코리아,1020
2238,펨토바이오메드,327610
2239,펨트론,168360
2240,펩트론,87010
2241,평화산업,90080
2242,평화홀딩스,10770
2243,포메탈,119500
2244,포바이포,389140
2245,포스코 ICT,22100
2246,포스코스틸리온,58430
2247,포스코엠텍,9520
2248,포스코인터내셔널,47050
2249,포스코케미칼,3670
2250,포시에스,189690
2251,포인트모바일,318020
2252,포인트엔지니어링,256630
2253,포커스에이치엔에스,331380
2254,폴라리스세원,234100
2255,폴라리스오피스,41020
2256,폴라리스우노,114630
2257,푸드나무,290720
2258,푸드웰,5670
2259,푸른기술,94940
2260,푸른저축은행,7330
2261,풀무원,17810
2262,풍강,93380
2263,풍국주정,23900
2264,풍산,103140
2265,풍산홀딩스,5810
2266,풍원정밀,371950
2267,퓨런티어,370090
2268,퓨쳐메디신,341170
2269,퓨쳐켐,220100
2270,프럼파스트,35200
2271,프레스티지바이오로직스,334970
2272,프레스티지바이오파마,950210
2273,프로스테믹스,203690
2274,프로이천,321260
2275,프로테옴텍,303360
2276,프로텍,53610
2277,프롬바이오,377220
2278,프리시젼바이오,335810
2279,프리엠스,53160
2280,플라즈맵,405000
2281,플래스크,41590
2282,플래티어,367000
2283,플랜티넷,75130
2284,플럼라인생명과학,222670
2285,플레이그램,9810
2286,플레이디,237820
2287,플레이위드,23770
2288,플리토,300080
2289,피노텍,150440
2290,피델릭스,32580
2291,피씨디렉트,51380
2292,피씨엘,241820
2293,피앤씨테크,237750
2294,피에스엠씨,24850
2295,피에스케이,319660
2296,피에스케이홀딩스,31980
2297,피에스텍,2230
2298,피에이치씨,57880
2299,피에이치에이,43370
2300,피엔아이컴퍼니,242350
2301,피엔에이치테크,239890
2302,피엔케이피부임상연구센타,347740
2303,피엔티,137400
2304,피제이메탈,128660
2305,피제이전자,6140
2306,피코그램,376180
2307,피플바이오,304840
2308,피피아이,62970
2309,픽셀플러스,87600
2310,핀텔,291810
2311,필옵틱스,161580
2312,핌스,347770
2313,핑거,163730
2314,핑거스토리,417180
2315,하나금융16호스팩,343510
2316,하나금융19호스팩,388220
2317,하나금융20호스팩,400560
2318,하나금융21호스팩,406760
2319,하나금융22호스팩,418170
2320,하나금융23호스팩,427950
2321,하나금융24호스팩,430230
2322,하나금융25호스팩,435620
2323,하나금융지주,86790
2324,하나기술,299030
2325,하나마이크론,67310
2326,하나머스트7호스팩,372290
2327,하나머티리얼즈,166090
2328,하나제약,293480
2329,하나투어,39130
2330,하림,136480
2331,하림지주,3380
2332,하이드로리튬,101670
2333,하이딥,365590
2334,하이로닉,149980
2335,하이록코리아,13030
2336,하이브,352820
2337,하이비젼시스템,126700
2338,하이소닉,106080
2339,하이스틸,71090
2340,하이제6호스팩,377400
2341,하이제7호스팩,400840
2342,하이즈항공,221840
2343,하이텍팜,106190
2344,하이트론,19490
2345,하이트진로,80
2346,하이트진로홀딩스,140
2347,하인크코리아,373200
2348,하츠,66130
2349,한국ANKOR유전,152550
2350,한국가구,4590
2351,한국가스공사,36460
2352,한국경제TV,39340
2353,한국공항,5430
2354,한국금융지주,71050
2355,한국기업평가,34950
2356,한국내화,10040
2357,한국단자,25540
2358,한국맥널티,222980
2359,한국미라클피플사,331660
2360,한국비엔씨,256840
2361,한국석유,4090
2362,한국선재,25550
2363,한국수출포장,2200
2364,한국쉘석유,2960
2365,한국알콜,17890
2366,한국앤컴퍼니,240
2367,한국유니온제약,80720
2368,한국자산신탁,123890
2369,한국전력,15760
2370,한국전자금융,63570
2371,한국전자인증,41460
2372,한국전자홀딩스,6200
2373,한국정밀기계,101680
2374,한국정보공학,39740
2375,한국정보인증,53300
2376,한국정보통신,25770
2377,한국제10호스팩,409570
2378,한국제11호스팩,436610
2379,한국조선해양,9540
2380,한국종합기술,23350
2381,한국주강,25890
2382,한국주철관,970
2383,한국철강,104700
2384,한국카본,17960
2385,한국캐피탈,23760
2386,한국컴퓨터,54040
2387,한국콜마,161890
2388,한국콜마홀딩스,24720
2389,한국큐빅,21650
2390,한국타이어앤테크놀로지,161390
2391,한국테크놀로지,53590
2392,한국토지신탁,34830
2393,한국특강,7280
2394,한국파마,32300
2395,한국패러랠,168490
2396,한국팩키지,37230
2397,한국프랜지,10100
2398,한국항공우주,47810
2399,한국화장품,123690
2400,한국화장품제조,3350
2401,한글과컴퓨터,30520
2402,한네트,52600
2403,한농화성,11500
2404,한독,2390
2405,한독크린텍,256150
2406,한라IMS,92460
2407,한미글로벌,53690
2408,한미반도체,42700
2409,한미사이언스,8930
2410,한미약품,128940
2411,한빛소프트,47080
2412,한샘,9240
2413,한섬,20000
2414,한성기업,3680
2415,한세실업,105630
2416,한세엠케이,69640
2417,한세예스24홀딩스,16450
2418,한솔PNS,10420
2419,한솔로지스틱스,9180
2420,한솔아이원스,114810
2421,한솔인티큐브,70590
2422,한솔제지,213500
2423,한솔케미칼,14680
2424,한솔테크닉스,4710
2425,한솔홀딩스,4150
2426,한솔홈데코,25750
2427,한송네오텍,226440
2428,한스바이오메드,42520
2429,한신공영,4960
2430,한신기계,11700
2431,한양디지텍,78350
2432,한양이엔지,45100
2433,한양증권,1750
2434,한온시스템,18880
2435,한올바이오파마,9420
2436,한익스프레스,14130
2437,한일단조,24740
2438,한일사료,5860
2439,한일시멘트,300720
2440,한일진공,123840
2441,한일철강,2220
2442,한일현대시멘트,6390
2443,한일홀딩스,3300
2444,한일화학,7770
2445,한전KPS,51600
2446,한전기술,52690
2447,한전산업,130660
2448,한중엔시에스,107640
2449,한진,2320
2450,한진중공업홀딩스,3480
2451,한진칼,180640
2452,한창,5110
2453,한창산업,79170
2454,한창제지,9460
2455,한컴라이프케어,372910
2456,한컴위드,54920
2457,한탑,2680
2458,한화,880
2459,한화생명,88350
2460,한화손해보험,370
2461,한화솔루션,9830
2462,한화시스템,272210
2463,한화에어로스페이스,12450
2464,한화투자증권,3530
2465,한화플러스제2호스팩,386580
2466,한화플러스제3호스팩,430460
2467,해성디에스,195870
2468,해성산업,34810
2469,해성옵틱스,76610
2470,해성티피씨,59270
2471,해태제과식품,101530
2472,핸디소프트,220180
2473,핸즈코퍼레이션,143210
2474,헝셩그룹,900270
2475,헥토이노베이션,214180
2476,헥토파이낸셜,234340
2477,헬릭스미스,84990
2478,현대건설,720
2479,현대건설기계,267270
2480,현대공업,170030
2481,현대그린푸드,5440
2482,현대글로비스,86280
2483,현대두산인프라코어,42670
2484,현대로템,64350
2485,현대리바트,79430
2486,현대모비스,12330
2487,현대무벡스,319400
2488,현대미포조선,10620
2489,현대바이오,48410
2490,현대바이오랜드,52260
2491,현대백화점,69960
2492,현대비앤지스틸,4560
2493,현대약품,4310
2494,현대에너지솔루션,322000
2495,현대에버다임,41440
2496,현대에이치티,39010
2497,현대엘리베이,17800
2498,현대오토에버,307950
2499,현대위아,11210
2500,현대이지웰,90850
2501,현대일렉트릭,267260
2502,현대제철,4020
2503,현대중공업,329180
2504,현대차,5380
2505,현대차증권,1500
2506,현대코퍼레이션,11760
2507,현대코퍼레이션홀딩스,227840
2508,현대퓨처넷,126560
2509,현대해상,1450
2510,현대홈쇼핑,57050
2511,현우산업,92300
2512,협진,138360
2513,형지I&C,11080
2514,형지엘리트,93240
2515,혜인,3010
2516,호전실업,111110
2517,호텔신라,8770
2518,홈센타홀딩스,60560
2519,홈캐스트,64240
2520,화성밸브,39610
2521,화성산업,2460
2522,화승알앤에이,378850
2523,화승엔터프라이즈,241590
2524,화승인더,6060
2525,화승코퍼레이션,13520
2526,화신,10690
2527,화신정공,126640
2528,화인베스틸,133820
2529,화일약품,61250
2530,화천기계,10660
2531,화천기공,850
2532,환인제약,16580
2533,황금에스티,32560
2534,효성,4800
2535,효성ITX,94280
2536,효성오앤비,97870
2537,효성중공업,298040
2538,효성첨단소재,298050
2539,효성티앤씨,298020
2540,효성화학,298000
2541,후성,93370
2542,휠라홀딩스,81660
2543,휴네시온,290270
2544,휴니드,5870
2545,휴럼,353190
2546,휴림네트웍스,192410
2547,휴림로봇,90710
2548,휴마시스,205470
2549,휴맥스,115160
2550,휴맥스홀딩스,28080
2551,휴먼엔,32860
2552,휴메딕스,200670
2553,휴벡셀,212310
2554,휴비스,79980
2555,휴비츠,65510
2556,휴센텍,215090
2557,휴스틸,5010
2558,휴엠앤씨,263920
2559,휴온스,243070
2560,휴온스글로벌,84110
2561,휴젤,145020
2562,흥구석유,24060
2563,흥국,10240
2564,흥국에프엔비,189980
2565,흥국화재,540
2566,흥아해운,3280
2567,희림,37440
2568,힘스,238490
2569,하이닉스,660
2570,현대자동차,5380